att1,att2,att3,att4,att5,att6,att7,att8,att9,att10,att11,att12,att13,att14,att15,att16,att17,att18,att19,att20,att21,att22,att23,att24,att25,att26,att27,att28,att29,att30,att31,att32,att33,att34,att35,att36,att37,att38,att39,att40,att41,att42,att43,att44,att45,att46,att47,att48,att49,att50,att51,att52,att53,att54,att55,att56,att57,att58,att59,att60,att61,att62,att63,att64,att65,att66,att67,att68,att69,att70,att71,att72,att73,att74,att75,att76,att77,att78,att79,att80,att81,att82,att83,att84,att85,att86,att87,att88,att89,att90,att91,att92,att93,att94,att95,att96,att97,att98,att99,att100,att101,att102,att103,att104,att105,att106,att107,att108,att109,att110,att111,att112,att113,att114,att115,att116,att117,att118,att119,att120,att121,att122,att123,att124,att125,att126,att127,att128,att129,att130,att131,att132,att133,att134,att135,att136,att137,att138,att139,att140,target,is_anomaly,predicted_label,anomaly
-1.7071109,-3.0806357,-3.6813136,-4.3972801,-4.5421726,-3.2428219,-0.99396911,-0.31237376,-0.33733345,-0.28681212,0.10967235,0.15291123,-0.36682219,-0.48670144,-0.28983947,-0.38247389,-0.12040659,-0.13156044,-0.067828581,0.72573726,0.53538263,-0.374586,-0.2365338,1.2041953,0.54769956,-0.27687627,-0.75162294,-0.76955764,-0.27491811,-0.31208176,0.082722145,0.60384945,0.24312689,0.19453798,0.43186469,0.21481467,0.052604973,0.22758928,-0.69125434,-0.55022414,-0.57401228,-0.17320969,0.53819562,0.64105186,0.44638593,0.24628277,0.2323164,0.29035062,0.032703553,-0.53596204,-0.35341535,0.1763502,-0.17325522,-0.59475152,-0.10248359,0.28361941,1.2708981,1.0783341,0.74229858,0.25209543,-0.3684851,0.27074275,0.27974032,-0.32632273,-0.073165583,0.75940361,0.49163522,0.20026166,0.58605904,0.53188195,-0.19457062,0.39417016,0.80693795,0.6178093,0.50530289,-0.11294693,-0.17268946,0.47901632,0.38654075,0.69169499,0.40791322,-0.54813243,0.17113594,1.133605,0.87814036,0.61054093,0.44859234,0.30530684,0.053575054,-0.52209588,0.02762402,0.53156033,0.29939361,0.42897213,0.60469096,1.1071396,0.85004535,0.7570999,1.4689318,1.8049045,1.8179325,1.5599873,1.1900389,1.427856,1.6060066,1.4067565,1.1994425,0.86473281,0.91633876,0.78444841,0.49997493,0.2350201,-0.0077893268,-0.7119321,-1.0022804,-0.13128756,-0.10775164,-0.38306238,-0.39395969,-0.10144169,-0.013035517,-0.71193869,-0.9312374,-0.52247313,-0.26426632,-0.62395674,0.099275258,0.65380676,0.61604595,0.50812606,0.36401998,0.62356183,0.11063784,-1.3096851,-1.0456658,-0.65998053,-0.90273189,-1.0702141,-0.64112846,-1.9055409,1,0,0,1
4.2616464,2.2687522,-0.13517312,-1.6155002,-2.6350257,-2.5173452,-1.3445367,-0.50195287,-0.46635786,0.30928604,1.295242,1.4284211,1.0305093,1.2658264,1.2197269,1.1623541,1.1958551,1.1785834,1.0670522,1.0532982,0.92289838,0.94391928,0.79591611,0.6187596,0.54872959,0.53715622,0.40467412,0.44028164,0.31227767,0.31551273,0.1552377,-0.077928012,-0.13983176,-0.086093796,-0.19750111,-0.36415571,-0.31949085,-0.31533417,-0.32385738,-0.42034322,-0.25403147,-0.33046539,-0.25017787,-0.12912253,-0.059330853,0.17223465,0.13446304,0.2026669,0.29729142,0.28546294,0.26904572,0.23477945,0.25392351,0.36205587,0.4609496,0.27164833,0.31597063,0.31075273,0.43172218,0.381251,0.31684408,0.38524348,0.42443282,0.3225917,0.38410478,0.42565558,0.31126401,0.36633015,0.36564032,0.32524533,0.47851433,0.5026817,0.50367592,0.54021688,0.53949225,0.53688477,0.43591562,0.41252655,0.3750788,0.32413961,0.30652987,0.42624404,0.42309488,0.21844752,0.26293724,0.12593316,0.024025716,0.1351799,-0.039737955,-0.1699511,-0.17703649,-0.21790778,-0.17685701,-0.35450641,-0.32361227,-0.29346012,-0.43414731,-0.44114054,-0.29966367,-0.28127811,-0.13495443,0.26759991,0.43600345,0.46672097,0.61293151,0.87868261,1.5253635,1.5113888,1.5105716,1.3172791,0.96837703,0.82269237,0.37122399,-0.12953496,-0.79624327,-1.4165726,-1.6126057,-1.7897586,-1.7959502,-1.6882589,-1.8448657,-1.8780652,-1.7358146,-1.9117212,-1.8556408,-1.9373007,-1.9468681,-1.870234,-2.0070413,-2.083276,-1.9271866,-1.7528511,-1.0040007,-0.74044074,-0.31027598,-0.22696381,0.17333553,0.2223119,-0.33014669,0.019938693,1,0,0,1
-0.50162131,-1.0885841,-1.9397493,-3.8884577,-3.9511298,-3.7056505,-2.8737203,-1.9517084,-1.150802,-0.88886891,-0.4511115,-0.12966496,-0.062786364,-0.15013052,-0.30613358,-0.60497228,-0.78008477,-0.68535122,-0.64817681,-0.64254805,-0.56671865,-0.4993034,-0.45560725,-0.49735603,-0.4784027,-0.43096976,-0.34893201,-0.38120151,-0.34435793,-0.28939968,-0.35077581,-0.34159018,-0.35891507,-0.35520397,-0.425725,-0.39905546,-0.45446879,-0.43383121,-0.49751684,-0.59484332,-0.60672001,-0.61033218,-0.59790306,-0.591794,-0.5578858,-0.52713078,-0.54754834,-0.47495141,-0.41804966,-0.37977675,-0.33453388,-0.30220087,-0.29337014,-0.33207313,-0.27696819,-0.26287147,-0.25468554,-0.278847,-0.24986102,-0.32466922,-0.30076046,-0.37536839,-0.28638718,-0.30998513,-0.32541378,-0.29184997,-0.26465758,-0.2709228,-0.23601605,-0.22861508,-0.2254585,-0.20612425,-0.22388702,-0.21851504,-0.14480835,-0.11981557,-0.14737146,-0.03794437,-0.085062979,-0.046366626,-0.033447392,-0.0048851905,0.014000756,0.026848102,0.053281903,0.062308393,0.072059595,0.10268872,0.1307667,0.14254294,0.21226921,0.23912392,0.2407724,0.25707283,0.30228775,0.29489505,0.23629385,0.31484162,0.39681995,0.40840375,0.4633555,0.45886471,0.52610784,0.54410442,0.53603264,0.5562474,0.6370206,0.67599322,0.76511945,0.9740357,1.1480812,1.3256004,1.5865326,1.7036074,1.7635084,1.7330211,1.5713397,1.4124095,1.2507314,0.99159144,0.64598334,0.5496972,0.54583024,0.62844716,0.65994471,0.64974171,0.63196901,0.67307441,0.65684723,0.70476365,0.7768457,0.82811562,1.1967957,1.4450747,1.505033,1.7656167,2.0334675,2.0392521,2.5894742,2.854707,1,0,0,1
2.8564234,0.89537808,-1.4141429,-2.1578965,-2.1146293,-1.8228887,-0.95904294,0.1946267,0.35322396,0.64243103,1.3081026,1.4581311,1.3566785,1.3718057,1.3673677,1.4308346,1.3646163,1.2856054,1.2491694,1.2300823,1.1174722,1.1238558,1.0702262,1.0269404,1.0498628,0.91802943,0.90004434,0.80130621,0.77265861,0.70313737,0.68394279,0.61149572,0.48755954,0.42855981,0.37414476,0.36593427,0.29727371,0.25492952,0.29963349,0.34919025,0.38714855,0.27832079,0.29779288,0.40307365,0.5158218,0.60183501,0.62233176,0.65871021,0.70829894,0.61092688,0.68531575,0.6644804,0.61540535,0.56484218,0.49350577,0.53848626,0.55525337,0.50196644,0.54906215,0.48370709,0.34700616,0.47154908,0.41507923,0.3678039,0.45351983,0.37368966,0.43033686,0.42234904,0.39951848,0.48921049,0.47843861,0.39785693,0.51228979,0.41767274,0.36022248,0.31662003,0.38748328,0.46899898,0.37227477,0.22372856,0.17961649,0.22833734,0.070323968,-0.010981042,-0.090043736,-0.12010608,-0.12604827,-0.20824807,-0.24206858,-0.25149467,-0.38409367,-0.35356988,-0.37395319,-0.36295095,-0.47816343,-0.26815712,-0.20065081,-0.087383059,0.09820686,0.18509402,0.38962047,0.62660498,0.88444807,0.80192123,0.60954375,0.53707158,0.29602317,0.062526765,-0.1616561,-0.5223146,-0.81869338,-1.2678474,-1.4906005,-1.5560638,-1.6708876,-1.7288192,-1.7524571,-1.7340472,-1.7616208,-1.8448168,-1.9251167,-1.909223,-1.9452876,-1.9115018,-1.994331,-1.9449184,-1.9838276,-1.8866611,-1.6060281,-1.1720512,-0.85425587,-1.0267391,-0.88540989,-0.58211818,-0.61218189,-0.97829376,-0.86390044,-0.46592598,-0.3476981,-2.5801396,1,0,0,1
1.0034404,0.7723214,0.1209922,-0.49803113,-0.95322056,-1.2979421,-1.7174494,-1.811079,-1.555743,-1.0954965,-0.74936687,-0.61780024,-0.51767576,-0.15103187,0.19985192,0.34931082,0.33435647,0.32181414,0.39659859,0.32128027,0.31888626,0.40291312,0.39256386,0.44082651,0.39527797,0.3984202,0.37913098,0.39002315,0.29037137,0.38034296,0.30150339,0.33688836,0.30945029,0.20869981,0.2590645,0.30080936,0.25301354,0.21965741,0.16973047,0.15721835,0.17577602,0.14651627,0.048937812,0.027109157,0.018489588,0.0088420048,0.033590949,-0.0080201442,-0.028872885,-0.11678617,-0.16116356,-0.10193755,-0.19710383,-0.2716787,-0.32894404,-0.31679326,-0.26478983,-0.27456559,-0.18381942,-0.18498662,-0.25629261,-0.12396114,-0.13931112,-0.17522536,-0.03025107,-0.02788011,0.11780146,0.096103292,0.19518534,0.19929626,0.14753834,0.31762369,0.32165941,0.36517604,0.39492873,0.35903915,0.43323392,0.40633939,0.45970047,0.40092099,0.48825379,0.5370785,0.49374723,0.46532065,0.52217094,0.57962772,0.54766403,0.55224154,0.61032435,0.51730742,0.60104865,0.6360943,0.61774861,0.6126667,0.63888866,0.71678142,0.68345327,0.67012869,0.74778001,0.67069536,0.75834827,0.80248982,0.77066659,0.81423131,0.83562337,0.87561515,0.83121826,0.84222274,0.88652043,0.92739801,0.98782186,0.93936406,0.89390304,0.94107517,0.98534336,0.99886441,0.9441007,0.98420581,0.95026286,0.82459126,0.75503225,0.5183627,0.42813997,0.36247578,0.23626771,-0.17288424,-0.47517296,-0.72068334,-1.1420026,-1.3597585,-1.549365,-1.8832943,-2.2727434,-2.7740354,-3.1491241,-3.5253676,-4.0809902,-4.1568295,-3.2354265,-2.1468359,2,1,0,1
-3.0533051,-3.6221729,-3.5693527,-2.4353093,-1.7764959,-1.9347768,-1.5713773,-0.89075287,0.36053861,0.50600467,-0.15761016,0.36386582,0.04026874,-0.40149236,-0.19290629,-1.1786673,-1.4325228,-0.56021485,-0.24622327,-0.58476333,-1.2396913,-0.67060285,-0.59916957,-0.8070023,-1.3106677,-1.7024485,-1.6221464,-0.86956415,-0.31821313,-0.54872989,-0.99647513,-1.2456617,-0.5566385,-0.79321319,-0.80803733,-0.33764489,0.39550725,0.32046874,0.16363045,-0.11850836,0.2705761,0.84385532,0.72686827,0.65479694,0.074700991,-0.32461341,0.48843893,-0.086147174,-0.4314048,0.55161703,0.86214884,0.27264573,-0.054713539,0.016102728,-0.070008812,-0.34098573,-0.56963144,0.35975553,0.52584985,-0.51790878,-0.16111364,-0.39657819,-1.0249513,-0.21107491,-0.0093216972,0.30759391,-0.55851084,-0.93073892,0.17471792,0.08618439,0.47206171,0.81035223,0.97982678,0.26060241,0.041532139,-0.080379106,0.62069005,1.7111995,1.0953209,1.1830694,0.74100825,0.30009833,1.1902827,1.4726515,0.64077567,1.1209065,1.1353614,0.28289909,-0.034745979,0.36575832,0.37206034,0.24707635,0.43480915,0.15788967,0.56833924,0.93500172,1.3218715,2.0407551,1.8378017,1.9577851,2.3650564,1.0118015,0.60278449,1.5679334,1.523047,0.90805408,0.84902857,1.0803276,0.69338251,-0.065950283,0.51485157,0.30170116,0.066869633,0.47876815,0.14256906,-0.068419721,0.0044032202,0.055178611,-0.5571676,-0.54764328,0.49814696,0.92783341,1.014131,0.86240834,0.049012977,-1.0611341,-0.20115262,-0.19370149,0.39814613,1.3777927,1.0023791,0.40468409,0.525906,0.22837612,-0.36076806,-0.94270092,-0.74463485,-0.64085464,-1.6350707,-1.1441128,1,0,0,1
-1.2312705,-1.6132898,-1.767079,-1.9571294,-2.1097039,-2.0488546,-1.7955729,-1.3879453,-0.98395458,-0.871842,-0.77586498,-0.52612679,-0.34102538,-0.31266445,-0.27450072,-0.31642281,-0.31891352,-0.32008742,-0.31874203,-0.28743959,-0.33893884,-0.39744827,-0.33937029,-0.3036278,-0.25696669,-0.27740401,-0.21129468,-0.23669432,-0.32255087,-0.35501902,-0.35717662,-0.31533342,-0.30567577,-0.28647374,-0.26547868,-0.27161628,-0.29302762,-0.27033491,-0.2706887,-0.30227366,-0.30654357,-0.27211021,-0.24118985,-0.26499182,-0.21265684,-0.22765181,-0.18884533,-0.20516799,-0.29037384,-0.29513848,-0.24497949,-0.20526263,-0.15101989,-0.13429609,-0.14005898,-0.13199153,-0.096788817,-0.11786134,-0.12616905,-0.062639206,-0.07738472,-0.066624512,-0.040939567,-0.13235234,-0.14001101,-0.1494529,-0.10829844,-0.1122119,-0.18402623,-0.13934793,-0.09378304,-0.15011832,-0.17383602,-0.17071146,-0.1264162,-0.12776956,-0.16766289,-0.2189499,-0.20727727,-0.21702698,-0.1782203,-0.1444333,-0.11386129,-0.13148966,-0.11869381,-0.061035039,-0.080254474,-0.047851758,0.027226771,0.0031174877,-0.0028676567,0.025949537,0.072439583,0.067626084,0.10331711,0.1602847,0.2297866,0.16692471,0.14127636,0.14900996,0.11752495,0.14996977,0.15333498,0.14700318,0.19700773,0.21723476,0.28101035,0.31891488,0.35648409,0.51586362,0.58133508,0.67321535,0.74540354,0.80159763,0.95290673,1.1398169,1.2931713,1.3966942,1.5458376,1.6950101,1.9577059,2.1850788,2.3946022,2.5522922,2.7508443,2.8539163,2.7016483,2.4295543,2.3298821,1.9786186,1.448924,1.2956618,1.1489799,1.0880007,0.60804116,-0.71161533,-1.896568,-2.5665289,-2.9160009,-2.924864,2,1,0,1
2.169973,1.5961585,0.3687589,-1.0972249,-2.1552032,-2.7352585,-2.7715162,-2.4762885,-2.3483901,-2.1674985,-1.6766057,-1.1408023,-0.70644516,-0.53901395,-0.49513318,-0.18763013,0.16517077,0.33739703,0.38328424,0.38627267,0.3850852,0.41643139,0.48935466,0.44307098,0.34412017,0.37209391,0.37444514,0.37610987,0.43280224,0.37636229,0.35763578,0.36448541,0.25628211,0.33274482,0.41097778,0.31476236,0.29776392,0.23579501,0.1851584,0.2353965,0.19767881,0.17216791,0.19317321,0.1350739,0.083409123,0.065804821,0.037842523,-0.024440275,-0.03671692,-0.023924628,-0.11060863,-0.14659194,-0.10669079,-0.15597611,-0.18876165,-0.2071003,-0.24555722,-0.22232677,-0.2145156,-0.21403624,-0.17547664,-0.14374114,-0.082453084,-0.0614769,-0.050175636,0.010898697,0.020406173,0.037450111,0.092616925,0.12900583,0.13750976,0.26323431,0.4124292,0.47393917,0.51033329,0.48815737,0.53404301,0.55931874,0.57029314,0.63280087,0.61140977,0.6382161,0.68583251,0.6350033,0.7125076,0.7754302,0.64119753,0.54733283,0.62498915,0.68561417,0.58878787,0.58671798,0.59087585,0.62396399,0.65772486,0.66956486,0.78499647,0.72344449,0.68298528,0.71534456,0.64564935,0.6955678,0.76915119,0.7436696,0.74500453,0.76197256,0.87252508,0.8765654,0.90955626,0.97473443,0.86528282,0.88861875,0.89007742,0.82600084,0.76212824,0.60746521,0.5232983,0.53327668,0.51067379,0.46184515,0.32720429,0.13571555,0.04692802,-0.14004611,-0.15981265,0.044670587,-0.13107975,-0.47361868,-0.91060371,-1.4739837,-1.9925342,-2.4198004,-2.8116592,-3.3541421,-3.6047863,-3.1693956,-2.4120172,-1.089617,-0.33141144,0.61708765,2,1,1,1
1.7479944,1.6433088,1.1394659,0.43806209,-0.14269548,-0.49180301,-0.82548285,-1.3106565,-1.5061636,-1.4749388,-1.1788422,-0.79994749,-0.61487749,-0.44373291,-0.35632687,-0.32826932,-0.19102101,0.26261657,0.62699297,0.5900499,0.52758889,0.54123648,0.59561813,0.60711718,0.57819616,0.56281969,0.52391914,0.50796381,0.4960459,0.46915129,0.47949928,0.49281364,0.51540456,0.5044222,0.43291066,0.42743079,0.41425024,0.43245453,0.50868591,0.44606438,0.32752241,0.33688028,0.39867877,0.40470192,0.38339339,0.42378444,0.39712122,0.30916685,0.32874665,0.28833739,0.27640189,0.26963496,0.17153417,0.21373528,0.27141647,0.19505992,0.14837993,0.19589194,0.16938746,0.15171441,0.12745593,-0.0016119289,0.026406862,0.027718118,-0.059452303,0.027452821,0.084307006,-0.025178337,-0.068022368,0.017733144,0.0025320704,-0.035160117,-0.0046224783,0.0088251461,0.043753054,0.065114891,0.089187842,0.12501575,0.12961645,0.15543762,0.18747587,0.21726529,0.30075364,0.35269407,0.34303619,0.35890354,0.41483791,0.42945021,0.41657427,0.49187695,0.49361102,0.46878116,0.4921287,0.51035319,0.54909771,0.51135669,0.55163052,0.60184391,0.5902188,0.63435504,0.58760883,0.54025898,0.6138214,0.62022303,0.6141078,0.63039798,0.65394263,0.67123438,0.59276245,0.63172983,0.6304432,0.62326387,0.669401,0.6269711,0.66453499,0.64513953,0.62166483,0.621635,0.52511092,0.35622326,0.22748917,0.24583356,0.20384359,0.014192941,-0.27239304,-0.53323915,-0.69213955,-0.97035546,-1.303656,-1.4200766,-1.5132138,-1.9315409,-2.2381111,-2.6073236,-3.0582365,-3.261025,-3.876786,-3.6321271,-4.5638245,-3.1193557,2,1,0,1
0.75660741,0.18166269,0.14384167,-0.15851676,-0.31575659,-0.3572463,-0.31347602,-0.12059534,0.088322599,0.39351063,0.78277551,1.0329631,1.0985206,1.1360885,1.2424237,1.4311969,1.5492243,1.5141149,1.5169574,1.5324112,1.5025998,1.5192484,1.5032612,1.5224437,1.5803073,1.5652787,1.5935772,1.5744627,1.4870583,1.5325654,1.5358171,1.4478317,1.4404337,1.4389942,1.3992288,1.33192,1.1140621,0.75527747,0.42246117,0.19884248,0.088322599,0.055566849,0.0096093802,-0.023756943,-0.020467952,-0.069543781,-0.12839551,-0.094860211,-0.098175488,-0.16909045,-0.14313867,-0.11417843,-0.17588302,-0.23184281,-0.27921257,-0.213231,-0.1292585,-0.20044342,-0.20270129,-0.15348603,-0.22250755,-0.26488831,-0.26981236,-0.25810681,-0.23804905,-0.28241963,-0.29807057,-0.2512532,-0.23804905,-0.23849625,-0.22314664,-0.19695576,-0.20696604,-0.22703046,-0.19023592,-0.17597575,-0.17588302,-0.09219798,-0.041416312,-0.051793274,-0.036009459,-0.03825433,-0.067005346,-0.057905922,-0.051550966,-0.073650317,-0.086805012,-0.10542752,-0.14480001,-0.1399947,-0.097409413,-0.078062118,-0.082633981,-0.06287326,-0.019699284,-0.0020308244,-0.020467952,-0.013754673,0.021073352,0.023977258,-0.0049264444,-0.034016748,-0.088957135,-0.13764014,-0.1292585,-0.091352731,-0.057960458,-0.023337576,-0.020467952,-0.034333538,-0.027612906,-0.040930207,-0.036009459,0.014661589,-0.039384513,-0.16486807,-0.22250755,-0.2084116,-0.12561185,-0.048339483,-0.082633981,-0.1525527,-0.21298677,-0.32812089,-0.48671317,-0.56095906,-0.54905635,-0.58840872,-0.68875276,-0.82136831,-1.1251669,-1.442033,-1.9009903,-2.48094,-2.8946944,-3.6761164,-3.8903033,-3.5348589,-3.742459,-1.3496157,2,1,0,1
0.84090082,0.038346575,-1.0777954,-1.8043513,-2.734491,-3.296925,-3.2512761,-2.7853039,-2.2726238,-1.7284583,-1.3373428,-1.2150576,-0.86237026,-0.38899466,-0.17635252,-0.14556794,-0.32333899,-0.29501925,-0.12279748,-0.26311416,-0.27371682,-0.25605895,-0.20720034,-0.30643102,-0.21179025,-0.13047965,-0.27569672,-0.27027341,-0.28249638,-0.32440738,-0.25331318,-0.27515506,-0.28099522,-0.3308689,-0.34960157,-0.35889917,-0.38662687,-0.37078421,-0.39587179,-0.42793326,-0.46216322,-0.43384393,-0.54564027,-0.56939641,-0.42177374,-0.49184795,-0.67887651,-0.68013895,-0.66088653,-0.68098802,-0.72626766,-0.78464865,-0.85359452,-0.89842685,-0.83430775,-0.79321028,-0.79143811,-0.8450819,-0.81940922,-0.88329882,-0.89229557,-0.85185232,-0.80292006,-0.77493068,-0.70947711,-0.73443436,-0.75954644,-0.6407226,-0.62759856,-0.48926183,-0.51071409,-0.39519219,-0.28135811,-0.36091206,-0.15605333,-0.091343047,-0.13272403,-0.13554818,-0.13116999,-0.11545683,0.070871042,0.099051513,0.11495091,0.11476181,0.13520639,0.17992975,0.23138062,0.15326143,0.21874102,0.19493973,0.23943259,0.28997119,0.36539004,0.33320887,0.40811524,0.43335705,0.44869785,0.45593843,0.53512048,0.506438,0.54360704,0.5919834,0.60233711,0.71698128,0.78489975,0.84900213,0.80919478,0.79770347,0.95941117,0.95254362,0.87703861,0.88048451,0.87478201,0.95682144,0.90751929,0.90953798,0.94671582,0.91125491,0.89148161,0.9091523,0.95763153,0.87758386,0.93525831,0.93423894,1.1156103,1.2664605,1.6185606,1.927945,2.0439126,1.9231023,1.7274757,1.6160559,1.6357428,1.9460856,2.4685448,2.1637809,1.5013116,1.2001949,1.3528228,1.2057488,4,1,0,1
1.524654,0.71117259,-0.14411993,-1.2105088,-2.1744911,-2.8379505,-3.116042,-3.0560936,-2.724066,-2.2576841,-1.785201,-1.2253548,-0.77904555,-0.66643178,-0.63451053,-0.45060128,-0.10797588,0.26345136,0.45314454,0.44121661,0.43018374,0.53337687,0.54519151,0.43331831,0.46214335,0.54345608,0.54140797,0.53098693,0.47643715,0.47882293,0.5227185,0.44955784,0.42721351,0.51926802,0.53528548,0.48003629,0.42342534,0.34036849,0.33084419,0.40554928,0.40680269,0.38520748,0.41910137,0.38021961,0.28007,0.28981046,0.35331717,0.31513733,0.2538252,0.24154041,0.20877379,0.20152565,0.23868813,0.2053762,0.15035589,0.17374266,0.1645928,0.13221106,0.12032717,0.0047629316,-0.042950035,0.056190935,0.033242335,-0.043010733,0.006405199,0.051553079,-0.0026475747,-0.043288469,0.0098633544,0.062348945,0.090864977,0.1172421,0.08452991,0.08578395,0.16097272,0.19303928,0.21965093,0.30455387,0.36909143,0.41498346,0.45885679,0.45802804,0.51330689,0.62664681,0.63618186,0.61507264,0.6802367,0.70387138,0.68420175,0.70709948,0.6920686,0.69631932,0.74597343,0.71726177,0.72908776,0.81934507,0.82642388,0.80736941,0.81070962,0.75337745,0.70607744,0.77698869,0.82906552,0.7650351,0.75781292,0.78727679,0.76457516,0.80805991,0.82157196,0.760801,0.67439699,0.48570591,0.40826228,0.44368887,0.41986395,0.44290823,0.38615584,0.22871093,0.12853026,-0.018027806,-0.19134114,-0.17237359,0.04550012,0.19297687,0.12068007,-0.056910419,-0.41817133,-1.0312674,-1.6593276,-2.1409402,-2.6085858,-3.1209928,-3.561512,-3.4858352,-2.5258457,-1.5576288,-0.57687384,0.37418487,0.039461346,0.58894217,2,1,1,1
-0.81009162,-2.0636293,-3.0352925,-3.7344118,-3.911941,-3.624684,-3.2142273,-2.4113025,-1.3739448,-1.1356383,-0.65807005,0.045045776,0.24519483,0.47715202,0.60000596,0.71318714,0.60322592,0.80109892,1.0000822,0.89464669,1.0401591,1.1601565,1.0844139,1.1714873,1.2592499,1.4315122,1.3785115,1.3775207,1.489126,1.579647,1.5909718,1.5269513,1.4023747,1.2841273,1.3615228,1.1529811,1.0906354,0.88272469,0.67465637,0.57211869,0.52481162,0.33681784,0.3756623,0.39388553,0.14360504,0.0196099,0.15396266,0.07691725,0.10835098,0.18897235,0.10716213,0.17377034,0.1558337,0.14093574,0.28033991,0.1594164,0.19359771,0.15282428,0.087732547,0.11609595,0.034913377,0.0043911856,0.0062403711,-0.0041803972,-0.17293018,-0.14907405,-0.10305894,-0.064609547,-0.089526145,-0.11550027,-0.24214078,-0.15697527,-0.15496272,-0.19119681,-0.083632347,-0.098541469,-0.28745219,-0.1386509,-0.11831819,-0.062978951,-0.19511829,-0.22846608,-0.06329516,-0.11459401,-0.20724631,-0.2246446,-0.15551072,-0.217103,-0.1539542,-0.078981117,-0.13250598,-0.061126643,-0.16328701,-0.2446834,-0.20128076,-0.14230174,-0.1103242,-0.07461316,-0.17952343,-0.22278521,-0.12786811,-0.14120919,-0.10929256,0.028345459,0.10085202,0.41068626,0.5547312,1.0556467,1.4314824,1.6424827,1.7389083,1.4826716,1.1735142,0.88920434,0.50418142,-0.0070786478,-0.31902303,-0.64636448,-0.86436516,-0.88605962,-0.80160017,-0.77486787,-0.82789471,-0.83714125,-0.81346983,-0.83151539,-0.88096755,-0.77927501,-0.82706284,-0.66529625,-0.4271452,0.030755472,0.43119954,0.40983385,0.31679124,-0.43702566,-0.58223382,-0.89258582,-0.5952998,-0.57467406,1,0,0,1
2.7599659,1.4322675,-0.67277005,-1.8286987,-2.8267044,-2.9191241,-1.8513541,-0.62320051,-0.37241234,0.44412364,1.3150702,1.3133076,1.2397868,1.1331029,1.1017522,1.1995951,1.0384192,0.98802467,1.0515316,1.0214085,0.79330518,0.84097133,0.75133499,0.69151414,0.66379505,0.60890878,0.59038911,0.54528648,0.57435873,0.40012206,0.39941524,0.34125155,0.18036277,0.24141322,0.01217602,0.17333018,0.040616597,0.10012165,0.01277658,0.024065036,0.090577635,0.1878129,0.12402995,0.090011436,0.16452507,0.28664741,0.54242122,0.45550118,0.52262155,0.65845095,0.68701718,0.57663344,0.55793014,0.58884236,0.47715162,0.67843867,0.61425446,0.53342164,0.50840065,0.44041955,0.43504988,0.40648737,0.58729667,0.42894589,0.41979982,0.46987558,0.5531936,0.4531614,0.53786207,0.61187762,0.4964476,0.53081312,0.54368435,0.67224974,0.56199104,0.55469623,0.51724423,0.60305631,0.38181633,0.4365831,0.41027094,0.3165407,0.25346293,0.21457883,0.18049681,0.24774932,0.19711097,-0.0075257225,0.1193472,0.059231722,-0.1013075,-0.10400785,-0.093033167,-0.10888052,-0.24265021,-0.32072829,-0.33794987,-0.40383368,-0.29385223,-0.22058386,0.052228687,0.30069026,0.46714665,0.51906866,0.76692031,1.0242816,1.3667277,1.2247167,1.0147612,0.69414049,0.49769322,0.21041857,-0.27306946,-0.45711351,-1.0966714,-1.428153,-1.6487711,-1.6789869,-1.6849489,-1.8041627,-1.7927704,-1.7726591,-1.8301713,-1.9851912,-1.9397654,-1.9268073,-1.9213597,-1.8779331,-1.9028292,-1.9357178,-1.62275,-0.64284169,-0.41325484,-0.3728152,-0.094915926,-0.40485509,-1.1258751,-2.2745654,-2.03565,-1.8754729,1,0,0,1
0.92756983,-0.3676507,-1.4070375,-2.4948736,-3.3057643,-3.4577822,-3.2090523,-2.8463236,-2.3706642,-1.79753,-1.1857556,-0.96744491,-0.82512573,-0.44462712,-0.042086553,0.24991541,0.33487932,0.29757577,0.20989784,0.261854,0.31689247,0.31368147,0.311377,0.31624864,0.28406785,0.26576213,0.37298973,0.30076661,0.2815921,0.29910864,0.14696903,0.16838739,0.19909318,0.14135226,0.20200475,0.16379048,0.12489699,0.1014385,0.081981523,0.099190348,0.046308698,-0.052903904,-0.15432184,-0.10111806,-0.12383985,-0.15553675,-0.072702475,-0.088696209,-0.17050518,-0.24438923,-0.28265776,-0.26639041,-0.24404984,-0.24687668,-0.33595522,-0.3901662,-0.33225118,-0.32831456,-0.36702589,-0.3564676,-0.29570207,-0.25435787,-0.15873303,-0.10580898,-0.1037886,-0.015668902,0.055475943,0.14607771,0.22560862,0.22887285,0.28664379,0.28238239,0.3925157,0.554946,0.52375792,0.54738574,0.4994848,0.61014762,0.69409359,0.62741703,0.63628175,0.63037134,0.62964363,0.60878222,0.64426389,0.65441776,0.67080335,0.706854,0.68659427,0.70421792,0.73682634,0.69696075,0.69889473,0.81304397,0.85279039,0.78257232,0.75689011,0.76074588,0.80858443,0.82299622,0.75566673,0.84919947,0.91609422,0.90857893,0.93498504,0.89600434,0.94298444,1.0126693,1.0081175,1.0832296,1.092663,1.0794526,1.108894,1.0861897,0.98687981,0.81567923,0.7394538,0.72170798,0.68546145,0.58263455,0.48305114,0.37780891,0.27862573,0.27003939,0.28819105,0.34995045,0.26622667,-0.097967767,-0.53906325,-1.119361,-1.6642298,-1.9978199,-2.4147251,-2.8693509,-3.0842147,-2.5696028,-1.672457,-0.51005207,0.23094386,0.96047111,2,1,1,1
-0.45178216,-3.7137388,-3.8481583,-4.2128213,-3.0618366,-1.4265497,-0.91194475,-0.53769256,0.59306965,0.79943039,0.7342464,0.83052652,0.86938729,0.83929523,0.69539532,0.76049567,0.7034583,0.59181243,0.63384181,0.59254078,0.56530155,0.57887388,0.42457228,0.40175457,0.27407337,0.34002052,0.25933901,0.13654387,0.049947609,-0.054271266,-0.010330239,-0.11394301,-0.24014532,-0.18933035,-0.15667324,-0.23983005,-0.26340428,-0.34029152,-0.12727512,0.00034944124,0.10269666,0.14166413,0.19218402,0.21524067,0.33864321,0.3281944,0.29497305,0.44805041,0.42301057,0.51497656,0.42715368,0.50326207,0.46749683,0.47803799,0.5503558,0.50551871,0.56495242,0.52942277,0.4770266,0.62354224,0.67243261,0.72662097,0.62636282,0.7281161,0.79721939,0.86635957,0.83057796,0.74116811,0.92263071,0.91699531,0.88964296,0.80025292,0.92527678,0.78983126,0.70752638,0.64803681,0.6577585,0.62705682,0.54964639,0.52138341,0.44064623,0.46768516,0.34987178,0.2623095,0.32649764,0.18001401,0.11839184,0.17438573,0.10420809,0.045089742,0.088136965,-0.099894799,-0.1107475,-0.16290132,-0.10246016,-0.14302452,-0.20541615,-0.22601528,-0.22874625,-0.059333003,0.25973108,0.53494475,0.73756768,0.98822357,1.260755,1.528299,1.6624247,1.5163773,1.3888588,1.0462334,0.76964043,0.36415482,-0.060941784,-0.65744178,-1.0618333,-1.2316197,-1.2243275,-1.372111,-1.4740345,-1.4139866,-1.4373531,-1.4730731,-1.4693723,-1.4718742,-1.5062893,-1.4736106,-1.4610683,-1.3614895,-1.351205,-1.3734842,-1.0872889,-0.015432216,0.50777728,0.28440997,0.12060417,-0.61980975,-1.0344991,-1.1569317,0.081128916,-2.3263072,1,0,0,1
0.7564014,0.84771742,0.70854933,0.065223467,-0.26373422,-0.54247574,-0.83304445,-1.004031,-1.1573435,-1.2561149,-1.2264166,-0.99270631,-0.63705605,-0.46898019,-0.36133386,-0.26194537,-0.31390171,-0.15246044,0.18202372,0.33912884,0.40827067,0.45981848,0.42743215,0.40346109,0.46073254,0.49491565,0.46096832,0.41717211,0.42075109,0.47104611,0.46750192,0.40960145,0.40656438,0.41266576,0.36973016,0.37134763,0.41282473,0.41391211,0.39930517,0.39252455,0.39654513,0.37316848,0.34370866,0.38369424,0.3779247,0.30561586,0.34121549,0.36628861,0.28721583,0.30858099,0.32401747,0.31823938,0.34567634,0.29766168,0.33505006,0.31019494,0.22106789,0.26280767,0.24185453,0.22926782,0.25046962,0.19982212,0.23453292,0.29986367,0.22453726,0.14990669,0.15222124,0.1658363,0.18139389,0.15816363,0.14603992,0.14243296,0.11233896,0.14149632,0.19236254,0.20137241,0.22813135,0.22375697,0.19578672,0.25824112,0.30251709,0.28833471,0.27835717,0.29500081,0.34110351,0.34254792,0.35847173,0.35761239,0.39843263,0.53114277,0.51657479,0.50269148,0.5539775,0.5610673,0.61776497,0.62139627,0.61224341,0.65651517,0.65662998,0.67003452,0.69697454,0.66319599,0.64441858,0.70281963,0.74006025,0.7363579,0.76230541,0.76963499,0.73352139,0.73899094,0.78371335,0.78857027,0.75314073,0.68995935,0.62359615,0.53692323,0.43525249,0.45554795,0.4676278,0.39047985,0.34457201,0.20312361,0.016664496,-0.11199236,-0.34269297,-0.56113567,-0.62521149,-0.76354351,-1.005924,-1.3275301,-1.8547736,-2.5093852,-3.1394784,-3.7210635,-4.0085345,-4.346889,-4.2873485,-3.1406852,-2.5219748,-1.0082524,2,1,0,1
0.24577051,-0.21338591,-0.34628613,-0.84713044,-1.2405021,-1.693903,-2.0328905,-2.0778564,-1.8975361,-1.5146125,-1.1695556,-0.73963539,-0.37559551,-0.31007942,-0.20173998,-0.095587542,0.055106445,0.41090273,0.56918481,0.56554766,0.61924731,0.59921373,0.5932113,0.62978159,0.62416712,0.61109485,0.59911504,0.59312154,0.59554235,0.60852315,0.62955025,0.60791417,0.56940169,0.57611954,0.5965447,0.57516818,0.52877736,0.49353888,0.49159843,0.49632733,0.46240352,0.4456194,0.49739782,0.52619993,0.49721913,0.47686489,0.46618285,0.4484092,0.44546746,0.42347391,0.39592161,0.39782402,0.34231368,0.27354463,0.27826614,0.26488893,0.23439172,0.23057602,0.24319242,0.26903256,0.23587503,0.19436057,0.22703282,0.21447002,0.12645869,0.10241607,0.14549804,0.13666242,0.076038573,0.074533488,0.13000147,0.17292976,0.18878563,0.17225396,0.16393045,0.202001,0.23975997,0.28231084,0.31342761,0.33310253,0.40655467,0.45880458,0.46334046,0.5149295,0.55128476,0.54418556,0.60802624,0.66407793,0.59701561,0.54908082,0.56422261,0.58772624,0.63734996,0.63246431,0.6364714,0.69181106,0.63592609,0.56595126,0.61260305,0.65855295,0.66186705,0.65891769,0.66568518,0.70803634,0.7158305,0.6408341,0.64201434,0.67544409,0.60974114,0.60662835,0.65468341,0.60523447,0.5204028,0.40769211,0.29013813,0.2831077,0.3152773,0.3042395,0.33181145,0.30026427,0.18070512,0.13651064,0.01998853,-0.1969315,-0.25186191,-0.27795994,-0.51872179,-0.89523599,-1.3355568,-1.8869994,-2.4620554,-2.7874121,-3.0928791,-3.6203736,-3.9345184,-3.9011294,-3.2329875,-2.2788328,-1.7640173,-0.15717341,2,1,0,1
0.62047405,-0.90681277,-2.0695245,-2.7485339,-2.7925047,-2.6831553,-2.5362796,-1.9250356,-1.0982739,-1.1649387,-0.87767688,-0.54726978,-0.54183047,-0.6796227,-0.65347688,-0.58633562,-0.56923971,-0.52179324,-0.43492411,-0.51821564,-0.68659712,-0.66092674,-0.73514476,-0.65214451,-0.68959326,-0.59895899,-0.69172817,-0.61520243,-0.72325102,-0.72891831,-0.78472925,-0.7505647,-0.72777954,-0.66900038,-0.76191503,-0.83113611,-0.58618328,-0.64207604,-0.69288361,-0.59092092,-0.58194245,-0.55820057,-0.61895161,-0.56321385,-0.55275289,-0.60429514,-0.44312761,-0.38164134,-0.39822854,-0.32377369,-0.36727709,-0.31627982,-0.31067096,-0.27354384,-0.21027731,-0.1529765,-0.26436788,-0.3779825,-0.248329,-0.15626459,-0.13522201,-0.17792644,-0.21484254,-0.095946636,-0.13631227,-0.15362717,-0.055473576,-0.043360034,-0.1288773,-0.10053993,-0.11530427,-0.16754216,-0.30070896,-0.43261545,-0.44481675,-0.30295305,-0.21003702,-0.23220344,-0.27859174,-0.194879,-0.19379777,-0.32263217,-0.28963384,-0.21530996,-0.31240523,-0.23485081,-0.29811296,-0.28706587,-0.001771253,-0.14378199,-0.20120068,-0.29084099,-0.21988382,-0.074175541,-0.055412756,0.03125144,0.163365,0.21665827,0.40415091,0.58650501,0.70994363,0.73189409,1.0476223,1.3838377,1.3526814,1.4186803,1.1629443,1.2248187,1.3384621,1.2349178,1.0594399,0.87766073,0.66260726,0.55677965,0.44796906,0.41342385,0.52697035,0.57747759,0.61222922,0.61434178,0.78956262,0.9168718,0.79918946,0.89467675,1.0300703,1.0739849,1.0771624,1.1280564,1.2867562,1.4135429,1.6615609,1.8480503,2.0770537,2.5142274,2.6752756,2.5390475,2.3333292,2.0670371,2.159315,2.179974,1,0,0,1
-4.4850285,-4.4994807,-1.6919491,-2.7665321,-3.9839934,-4.0708235,-3.4709987,-2.5479351,-1.463816,-1.1666292,-0.60424571,-0.27361236,-0.28272192,-0.12851107,0.081578507,0.34231538,0.77909031,1.0153379,0.97997861,0.78087625,0.77832386,0.87388714,0.87994009,0.82911252,0.90405145,0.87542058,0.92492486,0.97338286,0.9856221,1.0188743,0.97805849,0.81091054,0.69757182,0.62499036,0.50402733,0.31675007,0.23392123,0.13771965,0.084462589,0.098356563,0.01825577,0.058833204,0.13128978,0.19337391,0.18069422,0.16929379,0.2025546,0.25181789,0.28156623,0.26463836,0.2438192,0.24359123,0.2299187,0.21462595,0.15523505,0.14255755,0.10349883,0.019188029,0.043975342,0.021152288,-0.071868113,-0.058366417,-0.071106451,-0.1101408,-0.060968883,-0.019294108,-0.14907056,-0.12421991,-0.19917677,-0.14082942,-0.13478835,-0.19917844,-0.17816764,-0.18707491,-0.13225428,-0.17090609,-0.16766563,-0.22389464,-0.15853134,-0.16337908,-0.18256648,-0.22370356,-0.20162265,-0.22887223,-0.090244344,-0.14119984,-0.21563023,-0.13927171,-0.1471042,-0.1226471,-0.087984225,-0.099862876,-0.0060771194,-0.023017065,-0.064239856,-0.023258083,-0.11619034,-0.023697516,0.021038294,0.001914871,-0.049980551,-0.08172267,0.019630873,-0.089974113,0.018416366,0.069685775,0.02205344,0.092570045,0.071458204,-0.023111267,0.012969797,0.1009389,0.18844967,0.33049407,0.7108721,0.83362257,0.92116053,1.4000568,1.4077119,1.3441986,1.1480857,0.87681739,0.76875261,0.43728809,0.0023341886,-0.050909505,-0.12047941,-0.032929298,-0.084097502,-0.057420694,0.02142285,-0.054802961,-0.0033692392,0.015240953,0.496103,1.2306657,1.232759,1.4325443,0.97681166,0.057712404,1,0,0,1
0.16039069,-1.669313,-2.2975115,-2.2719022,-1.5948093,-0.77628434,0.11981923,0.2454234,0.70594846,1.311735,1.3859793,1.2980474,1.2890306,1.2813731,1.3468021,1.323371,1.2601164,1.2022756,1.1441147,1.1917202,1.1497414,1.074764,0.99006402,0.97337884,0.96102308,0.88265996,0.89525678,0.84256015,0.80888969,0.80690603,0.68671248,0.63522899,0.60911849,0.58138589,0.5966489,0.48573101,0.5895298,0.56693978,0.62240608,0.59002054,0.63146427,0.62948321,0.66346913,0.77858451,0.81606837,0.83974399,0.90215947,0.89259418,0.86642959,0.79813212,0.79854658,0.85288954,0.72050282,0.77467567,0.71873503,0.69628614,0.64675701,0.58343482,0.62677124,0.58529072,0.59555198,0.55683016,0.54389836,0.49118222,0.49432431,0.49901284,0.54749665,0.49133946,0.50567339,0.53410219,0.49983449,0.55270012,0.52402607,0.48897891,0.46959448,0.49064508,0.40535261,0.32210658,0.26799361,0.23540267,0.13429044,0.10641641,0.046485725,0.043496787,-0.062057068,-0.11012209,-0.14485677,-0.24409976,-0.22001081,-0.35139043,-0.34038704,-0.38724378,-0.4713488,-0.51723225,-0.49919595,-0.49656395,-0.39960354,-0.34550107,-0.17237972,-0.058787673,-0.0084892439,0.097822412,0.31291794,0.60819179,0.54479407,0.38398101,0.33407691,0.055286782,-0.10870187,-0.36188394,-0.55205977,-0.82461602,-1.253746,-1.4931726,-1.616941,-1.6141772,-1.6636437,-1.761785,-1.7766286,-1.7687939,-1.8029765,-1.8571227,-1.7895375,-1.8782941,-1.9134714,-1.8791846,-1.9667044,-1.9089043,-1.9189581,-1.6937325,-1.2008368,-0.69310946,-0.63107345,-0.48021121,-0.27844674,-0.56024578,-1.0681168,-1.8104956,-1.7114097,-2.3428662,1,0,0,1
0.95517441,1.4644645,1.3540401,-0.66154496,-2.0405471,-3.1868521,-3.3359951,-2.4076089,-1.6470616,-1.6137647,-0.81686337,-0.11963083,-0.26546998,-0.26563738,-0.32368395,-0.26094829,-0.39650917,-0.33210989,-0.35009677,-0.4344155,-0.49506788,-0.48673613,-0.44815054,-0.53449087,-0.62752015,-0.69922962,-0.71182593,-0.7404437,-0.93349196,-1.0328281,-0.99213801,-1.0408202,-1.1857359,-1.2549591,-1.219887,-1.3325608,-1.38207,-1.365157,-1.4827531,-1.4961659,-1.4594785,-1.5046113,-1.4461161,-1.3354688,-1.295516,-1.2279056,-1.1482021,-1.1208954,-0.90988736,-0.79957457,-0.68131413,-0.61783159,-0.487107,-0.45788298,-0.33071869,-0.30411758,-0.18471348,-0.13782051,-0.037356363,-0.022270093,0.059494181,0.19770941,0.20957208,0.27401122,0.26013686,0.39315633,0.48584887,0.52146716,0.62879094,0.66638439,0.5998792,0.80534455,0.76983514,0.80907486,0.86787178,0.88541844,0.76834032,0.8201534,0.87246598,0.82362262,0.87710031,0.79188767,0.77092614,0.73493158,0.77185632,0.69309669,0.65560383,0.60461216,0.56853095,0.57663162,0.47643834,0.47060678,0.43348796,0.44682951,0.45011847,0.44548544,0.40787414,0.40171545,0.34491147,0.35711712,0.39583442,0.62277425,0.84005646,1.1695213,1.1498629,1.3353529,1.5888085,1.8829533,1.8694702,1.7996588,1.8173106,1.5709966,1.4989277,1.1475189,0.86316169,0.30375836,-0.058111712,-0.16860575,-0.21646995,-0.21254024,-0.22612636,-0.19533115,-0.22614287,-0.25628289,-0.070032708,-0.13506039,-0.25264925,-0.14506706,-0.1011221,-0.12357659,-0.032055056,0.018202738,0.23276641,0.78508673,0.71932214,1.3608819,1.8280043,1.9218995,1.2627744,1.09181,1,0,0,1
0.35441098,-0.1699151,-0.81283446,-1.5352113,-1.7615888,-1.9300427,-1.7926067,-1.4090331,-0.86473136,-0.26087497,0.030784309,0.15837457,0.26116941,0.57518002,0.99187019,1.0993151,1.0911518,1.0877238,1.0110482,1.0196382,1.0602834,1.0162844,1.0514679,1.0946016,0.98911518,0.94294662,0.9935434,0.97116077,0.92539427,0.93137744,0.93476785,0.92981121,0.92893589,0.87504912,0.80988597,0.79506621,0.75088369,0.67861494,0.66716122,0.70255462,0.69117913,0.61091125,0.57643222,0.53060488,0.45956297,0.4824203,0.42996194,0.33281662,0.31164069,0.26105653,0.24612339,0.2460818,0.19676273,0.16839102,0.1241348,0.062531754,0.035252533,-0.0078553461,-0.037133555,-0.040422597,-0.13269884,-0.18096804,-0.07164427,0.0041896181,-0.046373889,-0.13672674,-0.14798048,-0.03570663,0.063041976,0.054595322,0.048267067,0.088328306,0.20610476,0.29697471,0.21663837,0.20572812,0.26616132,0.29689552,0.38726526,0.35201219,0.25537765,0.32500997,0.39600858,0.3931394,0.4242584,0.43937732,0.44155497,0.45779016,0.42530375,0.42319767,0.44044811,0.41035481,0.39538701,0.42232142,0.45792396,0.40588366,0.35470369,0.3928868,0.38484151,0.39082645,0.46175834,0.45209372,0.38342438,0.36672233,0.39603362,0.4238139,0.41488791,0.38100935,0.37191136,0.38932041,0.42587758,0.37382437,0.1930101,0.056634836,-0.04262225,-0.1036633,-0.11786236,-0.18090841,-0.2393395,-0.38338391,-0.58053982,-0.70562526,-0.8362254,-0.8339466,-0.76202818,-0.86295805,-1.0598236,-1.3223104,-1.713291,-2.1838949,-2.6785246,-3.1552478,-3.5991417,-3.964427,-3.8137266,-3.1539569,-2.1384217,-1.0135288,-0.57729314,0.28848328,2,1,0,1
0.27791727,-2.7103066,-3.4657154,-3.630366,-2.8760982,-2.3502571,-0.83023971,0.08106415,0.087203531,0.67834453,1.2219015,1.0414384,0.99252758,0.95226303,0.93175326,0.96667829,0.99490921,0.97138999,0.42104902,0.24849431,0.51265583,0.98883959,1.0528297,0.81399635,0.7447653,0.68850911,0.37412724,0.2222416,0.29476516,0.40305894,0.13681465,0.21800012,0.23473872,-0.0024125995,-0.090026865,-0.068424591,0.28019111,0.37369843,-0.14958429,-0.017378673,0.44860423,0.48007759,0.35025259,0.1368595,0.37983201,0.88584682,1.0814184,0.55838682,-0.038340229,0.028047994,0.38119498,0.95735435,0.6408676,0.11603364,0.33464191,0.32363374,0.2380759,-0.096720627,0.055428385,0.40841759,0.33601201,0.23123453,0.40183954,0.68090996,0.60697019,0.46496369,0.17164054,-0.12249136,-0.052353112,0.4524037,0.66848166,0.50009578,0.28736723,0.23001349,-0.1207791,-0.16405034,0.0075637237,0.3286107,0.10415679,0.10835407,0.21015839,0.074221361,-0.10540741,-0.62692032,-0.73353376,-0.58956932,-0.32775686,-0.29928536,-0.50371403,-0.57936048,-0.27205945,-0.34722508,-0.42750225,-0.27029487,-0.31247272,0.31093303,0.52406637,0.037765032,0.1888289,1.2556496,1.9293563,2.216292,2.3793184,2.0556636,1.4903626,1.3458272,1.670055,1.3799027,0.70092074,-0.026023259,-0.40091438,-0.64939034,-0.84711864,-1.0362727,-1.1387454,-1.0069083,-1.031357,-1.2004497,-1.7380341,-1.1430729,-0.60906729,-0.79003497,-1.082743,-1.4329272,-1.2008149,-1.0020926,-0.7467601,-0.57610636,-0.57543455,0.1802259,0.38454483,0.45221524,0.34976365,-0.39878377,-0.99906835,-1.6857709,-1.382745,-0.81928063,-0.6774931,-3.3497724,1,0,0,1
0.22322176,-0.81000507,-1.8015151,-2.5658194,-3.147487,-3.2382921,-2.7904049,-2.3905944,-1.8520413,-1.3619918,-1.2179085,-1.0623857,-0.78132345,-0.46992428,-0.30366119,-0.26874061,-0.21423867,-0.21632674,-0.25715691,-0.27698891,-0.27404171,-0.20431084,-0.20563627,-0.26510181,-0.28307474,-0.23068563,-0.26558916,-0.35872739,-0.2660267,-0.28108334,-0.28568211,-0.2999961,-0.268311,-0.2205435,-0.26637308,-0.39301078,-0.4342425,-0.45421123,-0.48251216,-0.36613173,-0.27498457,-0.29187112,-0.43538193,-0.47525794,-0.43598609,-0.481188,-0.59499485,-0.56793165,-0.54217569,-0.54289454,-0.56240574,-0.54189508,-0.48433964,-0.51895613,-0.58123595,-0.6842252,-0.68000616,-0.68012506,-0.61834106,-0.59725552,-0.71129787,-0.65581039,-0.63236519,-0.71346682,-0.66373131,-0.64259064,-0.6326117,-0.62693609,-0.60910939,-0.44107435,-0.41656468,-0.54337993,-0.49423474,-0.37204208,-0.33656783,-0.26923027,-0.2324824,-0.20443601,-0.15162941,-0.15501038,-0.10860763,-0.026711478,-0.047133466,-0.033316089,0.053866524,0.052622084,0.13083208,0.21647359,0.20938291,0.13415794,0.1578909,0.15119652,0.1845529,0.25653739,0.27849513,0.37520137,0.41649039,0.42882289,0.39257699,0.41104827,0.37970011,0.39398156,0.46917193,0.53260548,0.59332682,0.53173726,0.49432792,0.65344333,0.73115757,0.66201864,0.71070256,0.78984608,0.7877392,0.75570672,0.73338239,0.88200627,0.88375499,0.94280778,0.94552516,0.85142519,0.96551289,1.0187104,1.0550124,1.2062153,1.4313606,1.7759644,2.0296776,2.0320893,1.99035,1.7802779,1.5190097,1.5177869,1.9172214,2.5911801,2.7071316,2.2092592,1.7353734,1.513933,1.4241121,1.2259752,4,1,0,1
-1.8937547,-1.2401733,-1.8160647,-4.2171074,-4.5754875,-4.1368561,-3.4093702,-2.3128148,-1.3325996,-0.53586942,0.48990128,1.1166471,1.3189869,1.263388,1.1718973,1.0851002,1.2506576,1.3450543,1.2289944,0.9488377,1.0732135,1.138451,1.1428422,1.2553924,1.2108067,1.2708787,1.3129886,1.3130294,1.3082431,1.1741878,1.1450463,1.1034126,1.0329747,0.93314065,0.85008418,0.70342268,0.56900867,0.46392442,0.4204718,0.35852895,0.31579731,0.29096662,0.28208555,0.34434001,0.30448634,0.40868747,0.35951009,0.39740887,0.42807997,0.42704899,0.40354302,0.34981747,0.38749221,0.37617558,0.33119197,0.28200986,0.24127449,0.25180488,0.10041527,0.14191414,0.079246718,0.069029341,0.037877329,0.087837447,0.03077779,0.0035699976,-0.030287344,-0.074664085,-0.10776594,-0.044453454,-0.08743072,-0.11791997,-0.066248783,-0.11271927,-0.10051604,-0.16637033,-0.14162167,-0.17441983,-0.20047745,-0.22348837,-0.25562657,-0.18357789,-0.23805365,-0.32136777,-0.23398935,-0.31569779,-0.2922278,-0.3171362,-0.33302464,-0.32895771,-0.31773844,-0.34808229,-0.38772848,-0.38929664,-0.34930027,-0.32357467,-0.38108838,-0.41211522,-0.36894205,-0.40620834,-0.35675009,-0.37587047,-0.45443539,-0.38147072,-0.36707843,-0.41266808,-0.38996064,-0.43526005,-0.33829411,-0.16242086,0.12047701,0.27747567,0.46670207,0.7972342,0.85460402,0.77614706,0.64341399,0.37298783,0.2265177,-0.064988965,-0.42521717,-0.72629267,-0.77980919,-0.88700892,-0.86207339,-0.88230045,-0.92192254,-0.92636152,-0.79814462,-0.82941318,-0.82143427,-0.65460672,-0.19839226,0.27811126,0.56512576,1.0404574,1.1671674,0.56144382,1.0727481,0.1218748,1,0,0,1
-0.65318061,-1.9920906,-3.6677191,-4.5512119,-4.3203339,-3.6489104,-2.5272809,-1.2952189,-0.61861501,0.26718761,1.0724388,1.4839617,1.6304452,1.4954643,1.4566335,1.4627129,1.2361865,0.89766796,0.85770905,0.96018654,0.93040141,1.0159151,0.99222591,1.0408227,1.0505024,1.0420292,1.0948899,1.1108023,1.207308,1.1428787,1.0601926,1.0288387,0.97127534,0.90987088,0.86105112,0.8041932,0.68896226,0.55510043,0.48225997,0.31391251,0.33851677,0.33254472,0.35653761,0.23713376,0.2456517,0.49301091,0.25881777,0.31484944,0.38669598,0.34863285,0.4098866,0.4236236,0.37035133,0.32446351,0.34197677,0.30114149,0.27881849,0.2052188,0.14335466,0.071742053,0.024691999,0.077867664,-0.010990394,-0.024120205,-0.0084150768,0.016200314,-0.053837349,-0.07900996,-0.10777554,-0.022607674,-0.13106947,-0.072389784,-0.085577972,-0.14412045,-0.13771042,-0.082467309,-0.14434872,-0.16996773,-0.16906446,-0.26411452,-0.18041926,-0.17801484,-0.1154626,-0.17177377,-0.2581603,-0.11206319,-0.22970326,-0.22474589,-0.16067562,-0.26198114,-0.29032348,-0.22809107,-0.26512766,-0.23716227,-0.24424161,-0.23697916,-0.28388882,-0.23432019,-0.25005674,-0.2826633,-0.29418767,-0.2878544,-0.27643584,-0.39608222,-0.30461036,-0.16375577,0.016855834,0.25284528,0.41135684,0.5383715,0.81959019,1.0339601,1.1101524,1.0486766,0.90237761,0.6792187,0.47141359,0.050216509,-0.39087123,-0.79938232,-1.029981,-1.0319905,-1.1069237,-1.0380599,-1.0286871,-1.0958702,-1.0310574,-1.1182294,-1.0932023,-1.0583339,-0.69624519,-0.12404565,0.023893849,0.16684208,0.079495926,-0.09639126,-0.049388235,0.17671285,0.39989497,-1.6680425,1,0,0,1
-1.2613637,-1.9022377,-2.5785057,-3.7705817,-3.6013652,-3.0867093,-2.1848693,-1.1819932,-0.4463651,0.079347364,0.79261152,1.2600622,1.5094526,1.7913786,1.8916905,1.7841518,1.7717695,1.8621888,1.8035694,1.7273396,1.5238348,1.4671871,1.6706013,1.5534671,1.6769338,1.6782504,1.6736584,1.7662996,1.5495074,1.4398822,1.4073607,1.2357103,1.0815039,0.91778825,0.84090145,0.71864222,0.40147431,0.41989304,0.22748963,0.075805878,0.085927506,0.093783919,0.063070946,0.056306136,0.089819778,0.056726462,0.0028100951,0.0013449155,0.07037372,0.075604306,0.049694797,0.10842847,0.094852394,0.14481513,0.11191243,0.029380492,0.12679222,0.11478621,0.095360696,-0.015483652,0.01551781,-0.10163995,-0.076837039,-0.089727188,-0.11180906,-0.073521296,-0.1276097,-0.0067584354,-0.086624915,-0.15016972,-0.062855443,-0.13735024,-0.10145187,-0.072226125,-0.24683583,-0.047875443,-0.071807575,-0.22663915,-0.13102461,-0.18257763,-0.087259733,-0.10457939,-0.11808892,-0.11037032,-0.20574684,-0.254754,-0.24524816,-0.23142377,-0.36374704,-0.34766256,-0.25988415,-0.31941135,-0.29706394,-0.38165635,-0.35618329,-0.22134004,-0.32124554,-0.35263378,-0.33186487,-0.36829377,-0.38067881,-0.393905,-0.41760599,-0.35038598,-0.39445187,-0.35068922,-0.33589262,-0.44618573,-0.35153064,-0.18030197,-0.043463171,0.24149073,0.33320595,0.74553924,1.0108664,1.0047359,0.93871711,0.69853971,0.41676032,0.036428353,-0.30529646,-0.77457894,-0.97307995,-1.0759687,-1.0921059,-0.98967494,-1.129527,-1.0933899,-1.0635238,-1.1606626,-1.0953229,-1.017153,-0.94988073,-0.32514887,0.19001994,0.22737083,0.053570515,-0.62699102,-0.9545608,-1.2990769,1,0,0,1
-0.51318563,-1.2827783,-1.3404733,-1.5809501,-1.6306348,-1.7369038,-1.8187444,-1.8238314,-1.7766754,-1.4314031,-1.4438109,-1.3858504,-1.1272344,-0.96315409,-0.88419454,-0.91841223,-0.89496463,-0.92785917,-1.0336766,-0.92690815,-1.0095602,-0.97836213,-0.922794,-0.9485976,-0.88948617,-0.87477074,-0.87571443,-0.98650634,-0.96004521,-0.91168427,-0.88731604,-0.78231804,-0.6843655,-0.78132009,-0.81985166,-0.79068423,-0.80317943,-0.83996439,-0.80110773,-0.69254865,-0.74743192,-0.56358691,-0.53343523,-0.61272709,-0.58462396,-0.54527756,-0.50322882,-0.59514786,-0.48201795,-0.44886798,-0.50218532,-0.52235639,-0.48779259,-0.43753806,-0.47006111,-0.49690037,-0.49985676,-0.4801993,-0.47013575,-0.29245204,-0.28166726,-0.35592002,-0.29568549,-0.24089339,-0.22023211,-0.1828231,-0.22418471,-0.20693818,-0.26335109,-0.18026707,-0.12970232,-0.14819065,-0.065563905,-0.10747429,0.046557519,-0.016659115,-0.041194205,-0.018465232,0.0058768981,0.19545304,0.20342475,0.19951168,0.15745892,0.27665551,0.28511453,0.29355843,0.40643198,0.45205193,0.384728,0.51493143,0.59312559,0.49895843,0.81640567,1.0331,1.1304966,1.2636426,1.577313,1.9839878,2.0268898,2.2096126,2.3828168,2.2353984,2.1739296,1.942958,1.8324844,1.6896404,1.3864148,1.1846059,0.93149579,0.56677611,0.47161257,0.49472987,0.42873305,0.50913163,0.57975539,0.63091048,0.51323711,0.4339835,0.49940712,0.51339793,0.60121971,0.52385791,0.51478422,0.64594523,0.74728199,0.80592101,0.72789217,0.87701435,1.6028997,2.3664079,2.5055922,2.2816584,1.8502126,0.87154106,0.41816789,-0.06699441,-0.23869586,-0.030898856,0.63080441,0.34554007,1,0,0,1
1.3602984,1.4942685,1.1557914,0.43735838,-0.18676297,-0.59220114,-1.2673428,-1.7284096,-1.721431,-1.410932,-0.95218727,-0.55790371,-0.43827951,-0.46505726,-0.25061205,0.28496955,0.37328656,0.38525703,0.3209313,0.36236475,0.33723995,0.34031088,0.37524461,0.32942467,0.32020564,0.3454889,0.26027912,0.33972597,0.3256687,0.20441759,0.27629059,0.21000934,0.2852371,0.26666232,0.24564385,0.25279924,0.28829091,0.26747184,0.22615313,0.11697126,0.092096535,0.086914974,0.052988232,0.074427885,0.019820647,0.019669481,0.044632939,-0.023193081,-0.073142333,-0.072544093,-0.15986774,-0.14286783,-0.17279364,-0.19744028,-0.25247052,-0.25909486,-0.205296,-0.23619189,-0.23955495,-0.16152594,-0.2379464,-0.19699895,-0.17678835,-0.19258222,-0.10513653,-0.086229021,-0.0014684266,-0.039923295,0.057605474,0.083319691,0.14333844,0.18450202,0.18768597,0.31070251,0.30787762,0.37687754,0.43133888,0.43357215,0.47734524,0.51544396,0.45765357,0.44432192,0.54267669,0.55825798,0.5426164,0.5224591,0.5471213,0.51940949,0.55707223,0.59791286,0.63013561,0.66263817,0.60166248,0.54514679,0.66606803,0.61597344,0.65632729,0.61893149,0.71145702,0.71144777,0.68672618,0.68457358,0.71566548,0.8088848,0.78190087,0.74618625,0.80602235,0.84743767,0.84758371,0.81205478,0.82725859,0.8332909,0.89572868,0.84256427,0.8797482,0.84761829,0.87866311,0.86323917,0.98369388,0.8230399,0.6366985,0.40970065,0.34731199,0.34452205,0.16761748,-0.21920267,-0.4884842,-0.70460426,-1.1321795,-1.327759,-1.4184841,-1.8120806,-2.1944463,-2.6233639,-3.0086095,-3.3762781,-3.8854396,-4.3093145,-3.8004615,-2.6103591,2,1,0,1
1.883443,0.68396458,-0.72698164,-1.3598996,-1.5427624,-1.203945,-0.45792466,0.24022388,0.56425197,0.81624576,1.2777612,1.4617718,1.340017,1.3039169,1.3648329,1.340824,1.3065479,1.2791966,1.2341664,1.2334828,1.2262676,1.1446772,1.1062213,1.0122918,1.0043139,0.91167058,0.91620622,0.82353089,0.77531505,0.77769451,0.72413243,0.72461857,0.64966884,0.61532898,0.59734178,0.55502835,0.5649759,0.59966878,0.60290336,0.58523204,0.57205989,0.59077355,0.64818532,0.66056256,0.66394352,0.68196165,0.73242371,0.65141371,0.69706947,0.72790446,0.7017783,0.6229334,0.59941182,0.63025186,0.56788436,0.46990933,0.46758316,0.50310487,0.49782635,0.48955493,0.42710572,0.47558722,0.43772582,0.43236612,0.38812955,0.45321111,0.47546863,0.43394429,0.36803786,0.48686855,0.38223068,0.36728708,0.4425732,0.4005993,0.47212539,0.37998967,0.39461192,0.3684629,0.26450226,0.27752104,0.22828042,0.090366307,0.041780029,-0.030354151,-0.019041023,-0.071645912,-0.15706373,-0.16620304,-0.22567934,-0.27430002,-0.31116862,-0.33087203,-0.33607461,-0.33196651,-0.18193284,-0.1637714,-0.12283887,0.018047346,-0.0014154467,0.13582628,0.41764077,0.55434955,0.57191602,0.53675808,0.44144777,0.27913515,0.043799655,-0.14246116,-0.41791483,-0.76375459,-1.1261338,-1.3433398,-1.4141071,-1.5270404,-1.5377359,-1.581567,-1.6442359,-1.6434586,-1.705114,-1.7255409,-1.7525505,-1.7652798,-1.7276168,-1.8482624,-1.8951543,-1.8964802,-1.8981119,-1.8420136,-1.5046233,-1.2350163,-1.1252522,-1.0248287,-0.94650685,-1.0331175,-1.2863531,-1.4809852,-1.3290743,-1.1912422,-1.7580554,-3.7831972,1,0,0,1
3.964126,1.2932418,-0.69553881,-1.5993281,-1.4991075,-1.1244854,-0.014477907,0.61899736,0.85281045,1.4556879,1.6109821,1.728825,1.7272909,1.6545002,1.7077237,1.6015148,1.5308039,1.4798954,1.3505005,1.4011488,1.3067398,1.286541,1.1818761,1.049424,1.0514946,0.98603062,0.86941431,0.78745378,0.79334627,0.64896016,0.47599084,0.50810395,0.37785295,0.31376158,0.28980404,0.17273521,0.2841843,0.30024143,0.28549135,0.18957135,0.16894293,0.25530059,0.30541984,0.36970493,0.38672522,0.45351652,0.48314726,0.4925189,0.49108542,0.52094331,0.44073204,0.4369648,0.44776305,0.40419961,0.30952579,0.36706343,0.38659315,0.28080299,0.3120932,0.26323609,0.2362903,0.2342478,0.18729408,0.23285408,0.15133029,0.20671957,0.20629443,0.16429768,0.22732341,0.14918199,0.21974498,0.21069818,0.26576532,0.24154053,0.16756176,0.18054287,0.26695163,0.2387765,0.074821085,0.1018776,0.11271285,0.022441312,-0.022025999,-0.053303014,-0.17570572,-0.12203686,-0.16977664,-0.22595013,-0.27628238,-0.25064394,-0.36981004,-0.37766612,-0.49579696,-0.46660744,-0.51160594,-0.47316495,-0.3859121,-0.31139687,-0.16671188,-0.076649244,0.094911577,0.31356621,0.54032419,0.69953034,0.58282426,0.5869804,0.45119535,0.24022833,-0.069793633,-0.36593403,-0.62788984,-0.97025152,-1.4349678,-1.5652609,-1.6291885,-1.6255322,-1.7570063,-1.7738607,-1.8009836,-1.8144138,-1.8329845,-1.8568876,-1.8804236,-1.9566511,-1.9035719,-1.9252247,-1.9632966,-1.8951863,-1.8761034,-1.5972421,-1.0178442,-1.0022111,-1.0463904,-0.92597709,-0.75249401,-0.9290653,-0.86742334,-0.77626935,0.31699335,-1.3348547,1,0,0,1
1.3066284,1.394968,1.1223368,1.2498578,0.87579068,0.8228661,0.74935907,0.66244615,0.50368306,0.21918747,-0.2059799,-0.43498397,-0.51821335,-0.48796551,-0.53699667,-0.52734664,-0.63598328,-0.74618199,-0.67499413,-0.63661967,-0.59317448,-0.59344397,-0.54377949,-0.58311053,-0.66012084,-0.63437735,-0.28686229,-0.061514858,-0.21630813,-0.38639232,-0.46719229,-0.30240458,-0.1795091,-0.32391564,-0.44555934,-0.51942514,-0.29760249,-0.047933615,0.16086244,0.57745293,0.92740048,1.0882315,1.0618382,0.91452114,0.80867195,0.93332938,1.091721,1.1216517,0.91313116,0.95512376,0.94809267,0.92507184,1.0241638,0.51730257,-0.21730796,-1.0930847,-1.9070598,-2.9865764,-4.0393168,-4.2750366,-3.9420415,-3.4073265,-2.7986826,-2.1183991,-1.4765715,-1.2971632,-1.1615149,-0.46055011,0.10246756,0.35212685,0.25799074,-0.082528247,-0.12610309,0.054253531,0.19699448,0.18459444,0.13757975,0.04775616,0.03074016,0.29455837,0.51120886,0.59933284,0.25503121,-0.24034985,-0.21761474,0.072564911,0.42458643,0.3913405,0.11618541,0.026592849,0.031838165,0.064233501,0.27864064,0.30681786,0.14029644,-0.0013097949,-0.068150573,0.081497001,0.1311966,0.1323246,-0.067239659,-0.15927016,-0.19576721,-0.25113944,0.019543385,0.1127469,-0.11894088,-0.28750341,-0.1863548,0.066830873,0.031645142,-0.027941776,-0.054196796,-0.12185468,0.052843022,0.18041467,0.23330326,0.32474677,0.40207737,0.59630018,0.55283628,0.40585035,0.40281181,0.44904663,0.52465739,0.79348446,1.0605057,1.2015285,1.1463018,0.80462547,0.65961966,0.60431995,0.68709662,0.80658781,0.77485988,0.74698356,0.98464465,0.90248669,1.4159464,0.89170316,2,1,0,1
-0.33476139,-1.0855614,-2.2060961,-2.7357143,-3.2302568,-2.9000675,-2.1188151,-0.5980444,0.0092002067,0.22871424,0.76748688,1.0275697,1.1233746,1.143165,1.1391029,1.108194,1.1282439,1.0597132,1.0745021,0.97003702,0.77188647,0.92042492,0.96580963,0.947524,0.54438984,0.53722588,0.69646128,0.74251368,0.75917785,0.64758567,0.75696279,0.68633304,0.49823296,0.47788191,0.53745944,0.65245498,0.65715304,0.48165565,0.55718437,0.51565786,0.3907493,0.56947344,0.63496364,0.63182561,0.70129826,0.79902088,0.84221819,0.89680602,0.82823149,0.79817328,0.8225483,0.7815447,0.64982504,0.49492341,0.50567618,0.35744976,0.33203052,0.39233599,0.55302351,0.35355219,0.4139564,0.38969331,0.18975716,0.21625424,0.29033305,0.27274676,0.16981297,-0.00097430241,0.095577338,0.345028,0.65156672,0.40045707,0.0094454159,0.18414126,0.68915332,0.44602567,0.081480867,0.02437601,0.2819395,0.38801216,0.16265989,0.24272102,0.21069953,-0.035193531,0.12586259,0.095962464,-0.11035155,0.17014386,0.22235317,-0.015917166,-0.14683564,-0.19558667,0.31809265,0.35920712,-0.094466242,-0.014279252,0.5613973,0.45782119,0.24902725,0.55110609,1.0857865,1.5312817,1.3313918,1.1037912,0.78789518,0.73363299,0.61918454,0.50801848,0.04925634,-0.40340019,-0.53010915,-0.82913187,-1.3593479,-1.6001868,-1.4987236,-1.5116758,-1.2738214,-1.2285323,-1.72562,-1.6263379,-1.6274236,-1.6940606,-1.529638,-1.6650455,-1.8870828,-1.538041,-1.508161,-1.3705065,-1.3457665,-0.86536556,-0.058482067,0.14552559,0.24723872,0.19007759,-0.38043894,-0.88978676,-1.6889451,-2.4393061,-2.2814338,-1.8895488,1,0,0,1
-0.48182761,-0.97585031,-1.43089,-1.7805405,-2.0525873,-2.2366293,-2.126715,-1.9100172,-1.5085554,-1.0208722,-0.77463788,-0.71762233,-0.56619498,-0.43324108,-0.25370761,-0.20171241,-0.21168824,-0.20829841,-0.23344322,-0.16108832,-0.13333133,-0.21357096,-0.169389,-0.12958528,-0.14538512,-0.12527332,-0.11447286,-0.11725893,-0.13602073,-0.13347391,-0.1257357,-0.10759866,-0.1072628,-0.098743695,-0.11404464,-0.12261716,-0.10166507,-0.089022062,-0.078662264,-0.040477673,-0.079922664,-0.059210084,-0.0529507,-0.011723913,-0.011564357,-0.11168653,-0.063266175,-0.041042547,-0.040593371,-0.05351351,-0.0083011127,-0.015864532,-0.008193523,-0.0054848179,0.011490807,0.045964345,0.081789071,0.08948349,0.085268021,0.089378844,0.078339243,0.069107044,0.052318376,0.071952282,0.10285601,0.07390141,0.030692864,0.03792355,0.039373475,0.038935156,-0.014039616,0.020595972,0.062215096,-0.010599382,0.010353737,-0.013687734,-0.017954098,0.0093328844,0.004613506,-0.03652177,-0.037861639,-0.010375001,-0.020401357,0.014158816,-0.02881797,0.055448558,0.029060797,0.040050501,0.083625845,0.025959313,0.041858034,0.053710347,0.13538274,0.13244766,0.1090012,0.16725943,0.15584834,0.17933505,0.15631579,0.20582446,0.2284738,0.23072161,0.28340797,0.33647947,0.35358982,0.44586948,0.55823103,0.59489624,0.6767836,0.80930577,0.84405572,0.99335522,1.1991988,1.3480702,1.548099,1.7081349,1.8324605,1.9735066,2.1603514,2.2709409,2.3961731,2.5837674,2.6973117,2.6358459,2.2509551,1.8930989,1.5322022,0.83631866,0.30093657,0.013695708,-0.27777731,-0.36567994,-0.66743206,-1.3464355,-2.1152588,-2.5794604,-2.8613839,-2.824481,-2.6447109,-2.1015028,2,1,0,1
-0.20644109,-2.6203817,-3.9630276,-4.8267863,-4.5949658,-2.8321821,-1.3087269,-1.1576611,-0.40212066,0.53377787,0.38330691,0.33255528,0.33180159,0.4307632,0.4173202,0.23868936,0.40584629,0.38190705,0.28957597,0.33031813,0.2628133,0.12209692,0.097089656,0.15466552,-0.0045366846,-0.1829058,-0.12043008,-0.17656221,-0.12392664,-0.32322244,-0.35307021,-0.3502507,-0.61286982,-0.54129103,-0.70080812,-0.82872355,-0.71901053,-0.8212528,-0.60436651,-0.67048435,-0.65589761,-0.69640288,-0.53848764,-0.45443949,-0.41539779,-0.32568853,-0.1833458,-0.14234273,-0.18553845,-0.0068955038,0.03927243,0.12917462,0.18701816,0.28924257,0.20580782,0.36674254,0.42929628,0.43327455,0.41951069,0.49190683,0.60157642,0.47255312,0.66133912,0.81091098,0.86333256,0.8362836,0.81780292,0.93288202,1.1497147,1.1122789,1.0980322,1.0089,1.0750699,1.151365,1.0163279,1.1794483,1.0614225,1.1302032,1.0724313,1.0516725,0.98507933,0.91027205,0.82477997,0.87726638,0.79281397,0.71196859,0.64478529,0.56048161,0.50260558,0.48199774,0.46665292,0.38686319,0.37578888,0.31012537,0.27466266,0.27952689,0.31634099,0.19182825,0.18929605,0.20382691,0.36942799,0.44159395,0.64502201,0.84773566,0.99095686,1.1320053,0.93858521,0.64643181,0.45651553,0.20808613,0.23327209,0.15510821,0.14591478,0.034157324,-0.36773764,-0.70839569,-1.035517,-0.95584487,-0.95194357,-0.98841397,-0.94792716,-0.99805596,-0.90183654,-1.0825264,-1.1540985,-1.1451603,-1.189225,-1.1860508,-1.1204668,-0.83885176,-0.039765758,0.42821821,0.48843817,0.86796437,0.85187061,0.45397766,0.14256008,0.31142973,1.3713928,-0.99268918,1,0,0,1
1.4300402,0.081045772,-0.82314284,-0.91486722,-0.43018554,0.28782002,0.78801658,0.85609867,1.2360427,1.5504974,1.5368516,1.4846364,1.5167863,1.4883514,1.5342555,1.4995347,1.4704245,1.512044,1.4500273,1.4627465,1.4412208,1.3970937,1.4114515,1.3773865,1.3129351,1.3236495,1.2223456,1.2461492,1.228531,1.1608801,1.1653298,1.1179157,1.0443376,1.006206,1.0245093,1.0227809,1.0186648,1.0102022,1.0061347,1.0029052,1.093069,1.1198558,1.2147009,1.29518,1.334968,1.3913962,1.4287574,1.3756238,1.1776441,1.0833188,1.0286899,0.96170917,0.90941012,0.84116107,0.75654652,0.61250756,0.31673707,-0.25281185,-0.5008412,-0.60583813,-0.685668,-0.74674851,-0.8438895,-0.87957159,-0.9488728,-0.94380113,-0.99205739,-1.0052635,-0.98072423,-1.0144602,-1.0115831,-0.97458315,-0.96018753,-0.9881758,-1.0180108,-1.0115654,-0.99534499,-1.0415685,-1.0037439,-1.0214981,-1.0587899,-1.1020836,-1.0712972,-1.1135616,-1.0872789,-1.0735724,-1.1130405,-1.082625,-1.1067802,-1.0763738,-1.0149432,-1.1045558,-1.1272567,-1.0523467,-1.0651771,-0.9998058,-0.87929059,-0.81352231,-0.72683726,-0.61952986,-0.48584681,-0.33364141,-0.18693095,-0.11916035,-0.18875722,-0.14179856,-0.26652988,-0.34039213,-0.38839855,-0.56091785,-0.66268234,-0.83050041,-0.95992948,-1.0156135,-1.0690044,-1.0132785,-1.035925,-1.0266039,-1.0031264,-1.0080648,-1.0159361,-0.97454002,-0.92441552,-0.95243298,-0.93722802,-0.89381575,-0.86520693,-0.7984398,-0.71620162,-0.40806344,-0.18272182,-0.28230576,-0.10994387,0.1762195,0.33293959,0.31658266,0.23575692,0.42113635,0.5815512,-0.14928295,1,0,0,1
0.13871326,-1.4776907,-2.7558089,-3.6699468,-3.3742593,-2.4106432,-0.8997626,-0.1828639,0.098572897,0.91678891,1.3630931,1.1274815,1.2797465,1.1773393,1.2003584,1.2748939,1.145725,1.1206723,1.1814825,1.1146083,1.021782,0.85844711,0.84595321,0.83830747,0.75100833,0.61951615,0.60682642,0.49293609,0.46354959,0.33694898,0.12095436,0.099141021,-0.12957688,-0.01798489,-0.15913999,-0.24674517,-0.14522054,-0.20792293,-0.19092048,-0.058441327,-0.10500661,-0.044897955,-0.026905884,0.21756883,0.22062174,0.30259977,0.558873,0.40751879,0.52972566,0.57179269,0.50515515,0.64895821,0.52724504,0.49317851,0.4241386,0.37503,0.44108657,0.45912699,0.19069111,0.28189012,0.45283249,0.36754664,0.41332949,0.38498335,0.47139268,0.45107559,0.48190131,0.51856192,0.49202178,0.42793132,0.44407715,0.57637704,0.67205423,0.55232494,0.55332902,0.58132467,0.47985542,0.5704304,0.43975561,0.37890909,0.44295883,0.35833671,0.2763751,0.29294714,0.10960051,0.10280328,0.064614218,0.029949581,0.056081745,-0.03116982,-0.13462279,-0.15080693,-0.13289424,0.029940586,0.11842937,0.3472923,0.6325757,0.8243355,0.93996805,0.78989229,1.0875456,1.4258377,1.5118609,1.353557,1.380765,1.0987401,0.99786216,0.68036649,0.28308846,-0.027836836,-0.46052571,-0.95653765,-1.3149786,-1.3017451,-1.4791473,-1.3873781,-1.5309683,-1.6267677,-1.6115859,-1.6291959,-1.5755182,-1.6869699,-1.6859596,-1.7112517,-1.7816159,-1.7043276,-1.5665207,-1.4751124,-0.8683751,-0.11206378,-0.29991342,-0.38037911,-0.36339727,-0.52122715,-0.64733553,-0.83842943,-0.76090359,-0.57568027,-0.91848383,-2.9424225,1,0,0,1
0.39993116,0.27693952,-0.23850315,-0.84278506,-1.0829725,-1.3057181,-1.5673498,-1.566961,-1.3301839,-0.96482122,-0.78075955,-0.6723809,-0.57138563,-0.2596577,-0.075415183,-0.10233197,-0.057781486,-0.036868287,-0.050293245,-0.05167451,-0.096753022,-0.077530577,-0.085316004,-0.051865289,-0.059094016,-0.077410254,-0.080817006,-0.11134966,-0.10611532,-0.13913333,-0.13072817,-0.14479021,-0.14087756,-0.13648741,-0.10203499,-0.20200148,-0.2085521,-0.15735408,-0.19633845,-0.22072056,-0.21118131,-0.27969085,-0.27268813,-0.27973983,-0.27626124,-0.30121491,-0.29954755,-0.3409369,-0.33567911,-0.26538335,-0.33044215,-0.35858194,-0.29314383,-0.34204938,-0.28309086,-0.3235504,-0.25276395,-0.21120804,-0.19482753,-0.17649178,-0.15891409,-0.16573477,-0.15724004,-0.097185481,-0.086619506,-0.030349181,0.019440555,0.0074810493,0.03357401,0.060878918,0.01420813,0.02467393,0.017500802,0.049342194,0.053791556,0.059328266,0.084490816,0.036602389,0.066556673,0.0390567,0.02608905,0.09389167,0.081359344,0.092370139,0.13015852,0.10706399,0.07062657,0.10772872,0.12549157,0.093445221,0.10314653,0.13942456,0.150626,0.13379847,0.18353951,0.2088289,0.24212397,0.25416049,0.20630919,0.26583257,0.28845342,0.27743392,0.29454255,0.27058222,0.27683964,0.30434181,0.30458215,0.25670267,0.37803531,0.46010836,0.55766977,0.66773767,0.8100469,0.89486058,0.94470625,1.0392522,1.1797422,1.3540318,1.5534528,1.6788842,1.8557126,2.0861354,2.2687835,2.4524178,2.6365356,2.7057218,2.587757,2.153429,1.7428778,1.3727102,0.53602925,-0.18616076,-0.68189419,-0.86563752,-1.3957744,-2.5573408,-3.2508304,-3.7327248,-3.7332816,-3.4386547,2,1,0,1
1.1131809,-1.6618626,-3.4054931,-4.1042853,-3.6049779,-2.6144117,-1.1840734,-0.77137509,-0.22655407,0.65891896,1.0135948,0.91157889,0.87943405,0.84197243,0.8122975,0.91615456,0.88474546,0.80225753,0.74817811,0.71678013,0.74979526,0.71940274,0.5239999,0.53804347,0.47239803,0.31412854,0.35177852,0.27583155,0.24657034,0.19562409,0.018319739,-0.036956989,-0.094226157,-0.021792795,-0.15564592,-0.23471724,-0.15011975,-0.20479445,-0.13351571,-0.076373056,-0.011960378,0.08291673,0.065071372,0.15386273,0.17331891,0.26006913,0.30043223,0.36292834,0.49488558,0.55746288,0.49822173,0.44056005,0.39086219,0.45593733,0.43333021,0.5269524,0.48225403,0.3758749,0.46543619,0.40922269,0.40224194,0.41229701,0.38342995,0.45047188,0.42566762,0.4811447,0.52610141,0.52012194,0.58407744,0.57923314,0.58506226,0.66457534,0.782391,0.69243878,0.60474997,0.6563086,0.75971151,0.71355681,0.66333621,0.62219932,0.52496318,0.51454917,0.39079799,0.36577193,0.32924867,0.24559887,0.2704121,0.090545046,0.11692858,0.010394752,-0.0045631139,-0.045350412,-0.092678491,-0.0030885548,-0.013975413,0.14148439,0.33049149,0.45575567,0.60805182,0.80005884,1.0331311,1.3590349,1.6406359,1.6758094,1.5851592,1.482151,1.1444594,0.89607279,0.59252867,0.2565058,-0.13562857,-0.69285137,-1.2071295,-1.283427,-1.4920985,-1.4245298,-1.4521388,-1.5590639,-1.532799,-1.6682242,-1.5745481,-1.6232551,-1.6410203,-1.6647662,-1.7332253,-1.6645786,-1.6441861,-1.6207289,-1.6619028,-1.0758015,-0.52373757,-0.61155671,-0.56898333,-0.31610116,-0.24451788,-0.39148519,-0.34607719,0.022102377,1.0811337,-0.90032463,1,0,0,1
0.36552934,-1.5370621,-4.0661177,-4.8596401,-4.6317503,-3.6359032,-2.0243669,-1.0522558,-0.41760775,0.70109325,1.6140289,1.7251385,1.582852,1.5614012,1.3650737,1.4710992,1.1808532,0.83067229,0.76797883,0.80825062,0.81522655,0.91837161,0.84694621,0.81065965,0.79494849,0.83467513,0.94684004,0.8666619,0.78416101,0.72569016,0.72197393,0.54426077,0.50796441,0.48473746,0.4590729,0.28164159,0.29614864,0.19817763,0.12738923,0.064339391,-0.010603657,-0.039823895,-0.062929882,0.00028600446,0.055054299,0.033301115,0.14727621,0.14033656,0.14961156,0.3236297,0.2219866,0.24404293,0.25278121,0.15411918,0.19983567,0.14976775,0.13630443,0.054262645,-0.018641861,0.01350258,-0.13868026,-0.042713122,-0.1394936,-0.0996863,-0.03927716,-0.053698549,-0.14373991,-0.19833821,-0.16365703,-0.26138261,-0.1549166,-0.20409063,-0.1659124,-0.26054458,-0.22992273,-0.28964084,-0.29350231,-0.25536773,-0.22975456,-0.15777392,-0.2715223,-0.18196904,-0.20455024,-0.27526046,-0.18761745,-0.20832989,-0.25879441,-0.23546698,-0.20480942,-0.30405771,-0.3332464,-0.28032927,-0.24589277,-0.23170653,-0.31051192,-0.27580746,-0.29855829,-0.31810096,-0.25633947,-0.35367453,-0.31876393,-0.27833592,-0.40479849,-0.40991561,-0.37699443,-0.26404098,-0.28842049,-0.11196523,0.029108298,0.34760774,0.56305387,0.7716804,1.2456236,1.488183,1.3951624,1.1671576,0.95731648,0.6428928,0.21032027,-0.20038109,-0.68579443,-0.85563401,-0.86204177,-0.8929116,-0.78857205,-0.81769646,-0.92832931,-1.0002889,-0.9165582,-0.80015106,-0.79662533,-0.68200746,0.017014163,0.28737826,0.4905864,0.92313047,1.1231954,0.88007612,1.7237298,1.2523953,1,0,0,1
-0.66399794,-0.99004667,-1.4230079,-1.6795545,-1.950039,-2.1284289,-2.0600854,-1.8937802,-1.4993863,-1.0429039,-0.79951211,-0.68105812,-0.56452856,-0.33178238,-0.28361414,-0.26785945,-0.25006689,-0.27369428,-0.29668517,-0.32656701,-0.26416981,-0.24487138,-0.25161398,-0.24756663,-0.18071158,-0.22950867,-0.23435924,-0.26922437,-0.25021019,-0.27043715,-0.24968616,-0.16964529,-0.23073854,-0.23575357,-0.22591013,-0.24797304,-0.25562714,-0.23526156,-0.21861164,-0.21896835,-0.2340462,-0.28663889,-0.23735768,-0.21561064,-0.25214759,-0.2533935,-0.23030702,-0.16220551,-0.21923884,-0.21823521,-0.2189742,-0.21793548,-0.20570445,-0.19319139,-0.15436831,-0.13888962,-0.11925086,-0.10765193,-0.10849928,-0.08075613,-0.10844656,-0.085282225,-0.12079587,-0.1129557,-0.11840754,-0.12411927,-0.061986856,-0.05746223,-0.065913463,-0.087735662,-0.10177135,-0.12668709,-0.15014204,-0.1301289,-0.11128153,-0.11626723,-0.11098457,-0.090218034,-0.10619521,-0.081053371,-0.11581979,-0.11757277,-0.15590707,-0.16662753,-0.098216103,-0.074889579,-0.048581184,-0.036994145,-0.042178477,-0.0720853,0.0052214669,0.012520422,0.042112742,0.036159068,0.053781267,0.049068819,0.1258398,0.12651111,0.12170004,0.11945314,0.15874964,0.13743546,0.1773486,0.18057027,0.16744597,0.17870979,0.21111058,0.2655048,0.38873481,0.45329758,0.58262399,0.70520976,0.71953172,0.73907572,0.93832514,1.1971842,1.3056273,1.4956075,1.7019161,1.910057,2.1676097,2.330584,2.5235485,2.7408147,2.8741667,2.8734992,2.584705,2.313849,2.0494543,1.610386,1.2402976,0.99861883,0.97706358,0.98831381,0.17193594,-1.244012,-2.075234,-2.5999166,-2.9367344,-2.9068269,2,1,0,1
-0.081543101,-0.8851831,-1.8635275,-2.4915584,-3.0908848,-3.7216654,-3.6460799,-3.2084073,-2.6313548,-1.8504194,-1.2667832,-1.073527,-1.029862,-0.67767704,-0.14999856,-0.021985913,-0.025716783,-0.13296904,-0.041646296,0.0025450933,-0.14757085,-0.17318005,-0.086567751,-0.060226622,-0.054244721,-0.091510825,-0.10626505,-0.119163,-0.16358489,-0.031361701,-0.013782019,-0.082534784,-0.17733166,-0.21594004,-0.10109906,-0.17134696,-0.15054557,-0.13589141,-0.24247721,-0.23231864,-0.16958009,-0.14514758,-0.20791606,-0.24585399,-0.31797559,-0.31342485,-0.36737372,-0.31951205,-0.41165804,-0.48621802,-0.43984329,-0.45198076,-0.43880684,-0.5217294,-0.43773628,-0.49976927,-0.57350739,-0.50263418,-0.56205719,-0.47758648,-0.63177431,-0.59640409,-0.47978259,-0.47527864,-0.50693488,-0.57324696,-0.58460027,-0.51185052,-0.48187483,-0.40754427,-0.45665631,-0.41842812,-0.24241742,-0.24004872,-0.18661009,-0.13803798,-0.09100519,-0.11627134,-0.16577986,-0.10127837,-0.081543101,0.004738241,-0.031525459,-0.0070217309,0.050748563,0.064635888,0.059733702,-0.0047402784,0.12485326,0.10253897,0.22012914,0.26036447,0.19628823,0.32866725,0.30521358,0.28440825,0.2855231,0.35858034,0.236878,0.27796266,0.33663262,0.35268516,0.45013558,0.37557575,0.57083957,0.62161855,0.42792431,0.56995531,0.57624976,0.68596526,0.84784697,0.74488743,0.75509212,0.77788708,0.785221,0.83878591,0.89050373,0.80083576,0.8163053,0.95246396,0.82083608,0.89872654,1.0527681,1.1553244,1.2684717,1.5822404,2.1081481,2.247527,2.1245223,1.8971752,1.5527667,1.4109824,1.2925043,1.749073,2.4111665,2.2664118,1.3699745,0.86426247,0.79986519,0.65473191,4,1,0,1
0.20389157,0.014873429,0.17657464,0.21964166,0.11877194,0.10843681,0.19198033,0.25508695,0.32659983,0.45840849,0.61888349,0.80293027,1.0394446,1.2640956,1.3654491,1.3395398,1.3163034,1.4075907,1.5952643,1.7725269,1.8762925,1.9139372,1.8810692,1.780796,1.6311877,1.4510518,1.208381,0.94976985,0.75625887,0.65277703,0.58881726,0.57416419,0.60341533,0.53992309,0.23968816,-0.24472759,-0.73737575,-1.1710519,-1.5628277,-1.9060838,-2.1710805,-2.3945215,-2.6203076,-2.8310048,-2.9719422,-3.023463,-3.0100917,-2.9518917,-2.8283051,-2.5679927,-2.1495045,-1.6636927,-1.2525665,-0.97272276,-0.80422477,-0.72358042,-0.66585868,-0.51964648,-0.24471512,0.017829313,0.14717419,0.17178086,0.18577708,0.18117061,0.12758165,0.078317727,0.095938142,0.16439732,0.20302642,0.19765855,0.1859468,0.22238087,0.28684341,0.33839347,0.34700418,0.3259968,0.3051994,0.30776382,0.31467983,0.27415563,0.19019565,0.13317061,0.14594475,0.16932467,0.16009916,0.15305498,0.19323876,0.23651263,0.224126,0.17914076,0.16561936,0.17552933,0.13933048,0.075351753,0.081617874,0.17933251,0.24632358,0.21937874,0.17642841,0.19038562,0.21242629,0.18520458,0.13164878,0.084749704,0.053504841,0.04238867,0.057011376,0.059285346,0.038432122,0.023797885,0.036226586,0.0447804,0.031177539,0.022300205,0.037815154,0.057099736,0.044080017,0.009876739,-0.011693244,0.0041152431,0.031065095,0.030018506,-0.018016012,-0.082422684,-0.11108214,-0.093491822,-0.044369351,0.018345615,0.054235153,0.021946745,0.0015187627,0.084808845,0.16210361,0.094069167,0.036966759,0.16298879,0.24751944,0.12080405,0.18018331,0.77081531,2,1,0,1
0.88033877,-1.6729426,-3.5021719,-3.3253789,-2.1920119,-0.52163711,0.011445412,0.42983785,1.3854759,1.533771,1.5328344,1.5369099,1.4626659,1.4793082,1.4112899,1.4540436,1.320082,1.2245303,1.3200968,1.1297855,1.0861863,1.0190031,1.1215491,0.89979332,0.7402934,0.80238892,0.50021584,0.42301267,0.4337483,0.28296735,0.22160681,0.062396361,-0.067532375,-0.0040796861,-0.13791561,-0.074543776,-0.092579153,-0.13684028,-0.1364092,-0.033183215,-0.013544016,0.13903447,0.24910198,0.38409071,0.43058265,0.54117819,0.56334717,0.55387651,0.57102725,0.52227564,0.61763618,0.52443125,0.58625766,0.51393657,0.46616939,0.48618442,0.48733852,0.53858091,0.39822191,0.39252341,0.52202235,0.40406726,0.43553619,0.48085313,0.37943419,0.28509991,0.37157654,0.39913892,0.42739838,0.45657189,0.49675806,0.4411005,0.53087787,0.46930551,0.40138092,0.44231459,0.29897451,0.2407898,0.26148316,0.14217465,0.064353794,-0.022485528,-0.053969,-0.082906637,-0.11842422,-0.16730664,-0.15344128,-0.17965728,-0.24482414,-0.30814944,-0.37465141,-0.44870002,-0.33414737,-0.42306851,-0.45682546,-0.28924487,-0.079669745,0.094623176,0.23629421,0.57798383,0.75844081,1.0048246,1.2725436,1.3379348,1.2880999,1.1068109,0.93508316,0.46237632,0.14481243,-0.059478915,-0.54208058,-1.1146793,-1.4356328,-1.4577304,-1.5426999,-1.7068213,-1.7400847,-1.7264249,-1.8885142,-1.8366656,-1.8647206,-1.780579,-1.8965644,-1.9065539,-1.9429845,-1.9060834,-1.8630103,-1.8961691,-1.6488484,-1.0434343,-0.24001506,-0.40421112,-0.64499344,-0.31006807,-0.23437366,-0.3559542,-0.43602542,-0.16527298,0.41768626,-1.0211823,1,0,0,1
-0.48381811,-1.826589,-3.041972,-3.4651708,-3.6804464,-2.6360038,-1.3811496,-2.0508202,-2.332917,-1.4418386,-0.33802263,-0.076244568,-0.29758765,-0.2949535,-0.02213407,0.1045766,-0.4744186,-0.49968148,0.10863669,0.16271098,-0.39771852,0.071980185,0.26799808,0.60034959,-0.55278526,-0.8908901,-0.64127752,-1.3390647,-0.78239364,-0.084067669,-0.10886128,-0.68527497,-0.75191239,-0.88777134,-0.32294919,0.20725153,0.14754744,-0.39982564,-0.644213,-0.092507378,0.43810434,0.54838126,-0.65187697,-0.7683328,0.31989404,0.4693991,0.033808918,-0.16408828,0.27561966,0.45321533,0.59523904,0.019147571,-0.67045597,-0.26520645,0.21877733,-0.027383773,-0.48685038,-0.18488078,0.40795856,0.39248892,-0.18538748,0.063442093,0.19834615,0.68780284,0.68857307,-0.18847341,-0.1218593,0.042379293,0.1202288,0.34960843,0.016558695,0.12926252,0.61770172,0.24291527,0.36591787,0.73271328,-0.21718181,0.10294538,0.39360832,0.23370833,0.5448701,0.89092446,1.0008911,0.42438317,-0.0027195576,0.56851295,0.78333381,0.012398717,-0.32342697,0.18602914,0.52808426,0.61562563,-0.010566752,-0.18475312,0.68935071,0.8267441,0.87115417,2.2601531,1.8416761,0.75783406,1.6530956,2.1307724,1.6481768,1.5601276,1.094579,1.3866932,1.384941,0.69603842,0.59017936,0.59017877,0.39749887,0.049516181,-0.55786416,-0.55855362,0.042126787,-0.24737653,0.22213501,0.29415429,-0.86707536,-0.56175977,-0.20149267,-0.24237813,-0.24310634,-0.7196136,-0.56676991,-0.7605433,-0.14816704,0.27952185,1.18822,1.4339798,2.3834952,3.0076062,1.4687518,0.38123696,-0.081380547,-0.37873633,-0.089601337,-0.47004107,-0.81157113,-2.6290329,1,0,1,1
0.11454226,-0.62973844,-1.4189648,-2.0126565,-2.2998575,-2.1103817,-1.8449771,-1.534222,-1.1336938,-0.80298603,-0.79331739,-0.61980957,-0.24865581,-0.13508733,-0.16901274,-0.12083351,-0.15278931,-0.16150936,-0.15091726,-0.16606436,-0.1474735,-0.15016772,-0.14778643,-0.17240923,-0.21830436,-0.18029887,-0.16295623,-0.20001908,-0.20730404,-0.22306457,-0.21111375,-0.21884287,-0.26962286,-0.29309653,-0.24966712,-0.24512021,-0.30287446,-0.31367882,-0.31665747,-0.38768267,-0.39223501,-0.38389747,-0.40530455,-0.40314877,-0.40387316,-0.40526261,-0.38002498,-0.40660896,-0.3980434,-0.40457369,-0.46461195,-0.3426339,-0.33681235,-0.31094515,-0.24839163,-0.27398626,-0.24141854,-0.17715298,-0.19971524,-0.1666171,-0.11301612,-0.049819643,-0.050363473,-0.069632888,-0.029679799,0.017886067,-0.019777359,-0.0011504621,-0.018457752,-0.012625854,0.058334833,0.037153973,0.071294501,0.015654193,0.024192817,0.071281754,0.041372993,0.031700398,0.0082016095,0.039715864,0.039973411,0.043042585,0.039091056,0.055649267,0.10898841,0.11448225,0.094208257,0.16219385,0.14443996,0.13620488,0.20821159,0.19845416,0.20922495,0.20951614,0.21118337,0.25746137,0.25644206,0.29997849,0.32236065,0.30354873,0.34676549,0.30204377,0.31408739,0.36560424,0.34310402,0.38001415,0.42133868,0.52368617,0.5528461,0.64688496,0.78873027,0.91735344,0.95158762,1.0324287,1.2935954,1.4964944,1.6298573,1.7646952,1.8814875,2.0410192,2.2884622,2.4681603,2.6574995,2.784353,2.7902451,2.6116113,2.1382492,1.8168579,1.5085108,0.69877035,0.10742214,-0.18854057,-0.49324095,-0.75422231,-1.4171509,-2.4808454,-2.6992855,-2.7289032,-2.5840917,-2.2300755,2,1,0,1
3.9176006,1.9247872,-0.49998767,-2.1267258,-3.3226778,-3.4206411,-2.3298411,-1.0996997,-1.0979058,-0.39908653,0.81121893,0.88148329,0.6621747,0.80516962,0.58061235,0.60457261,0.59710167,0.43927929,0.45900623,0.39932202,0.43130148,0.28348802,0.090225792,0.046504356,0.041707517,-0.13597436,-0.22609047,-0.37034917,-0.43040421,-0.4256255,-0.61781332,-0.68544221,-0.89097591,-0.97087614,-1.1246785,-1.1804062,-1.0058941,-1.2209993,-1.138593,-1.131186,-1.1932822,-0.95890757,-0.92926374,-0.85102246,-0.65269667,-0.55245732,-0.34367988,-0.21442729,-0.082462688,-0.14780053,-0.04746164,0.038621469,0.028461907,0.025258845,0.021594771,0.058984997,0.12332417,0.038354363,0.10103884,0.11219647,0.20749692,0.18959927,0.085218187,0.21308108,0.31885952,0.32464212,0.23396754,0.27442487,0.45397166,0.4620702,0.51972781,0.72783133,0.53767556,0.54931303,0.7270311,0.53733276,0.60185249,0.75877098,0.60780241,0.6469819,0.60989598,0.50879552,0.47278769,0.38277782,0.41197382,0.30473953,0.38173269,0.2240415,0.093088313,0.26295145,0.041052554,0.11334192,0.10586779,-0.028791862,-0.094823651,-0.11519607,-0.015416644,-0.20526662,-0.15303203,0.039569404,0.21692766,0.46881553,0.90131215,0.89313798,1.1212614,1.3383017,1.718147,2.084296,2.2026075,1.9910525,1.6343145,1.4599975,1.1254265,0.65491943,0.074262297,-0.63999894,-0.99770823,-1.1573548,-1.1340013,-1.2216309,-1.1671197,-1.1676595,-1.322944,-1.2530665,-1.282715,-1.2806789,-1.1756033,-1.2216643,-1.1517056,-1.0548453,-0.93615589,-0.5906807,-0.064491324,-0.065659016,0.67673265,0.95306121,1.7091029,1.0987185,1.1164134,1.4310792,1,0,0,1
-0.09702637,-1.1888106,-2.0599703,-2.9872455,-3.4593901,-3.4722076,-3.2632053,-2.7618814,-1.9594326,-1.3085271,-0.9711957,-1.0131111,-0.74998977,-0.10984462,0.2330659,0.27885316,0.1806531,0.1140387,0.17816793,0.21443253,0.10178015,0.0028696008,-0.013172859,0.072629912,0.064440593,-0.1847044,-0.20106219,-0.17583019,-0.13903404,-0.043258895,-0.062986424,-0.14104819,-0.15221486,-0.19225748,-0.34875814,-0.29985576,-0.25037446,-0.34012292,-0.29929496,-0.35844861,-0.30345209,-0.35642408,-0.37949697,-0.31867075,-0.27960606,-0.41489993,-0.53844826,-0.48223552,-0.44395184,-0.37695131,-0.49523204,-0.66231182,-0.70727756,-0.60729883,-0.43225886,-0.29774783,-0.54587904,-0.81094685,-0.75059235,-0.63547872,-0.49814667,-0.4373209,-0.46501901,-0.52682518,-0.64105886,-0.54839397,-0.37382115,-0.5033649,-0.51641941,-0.37924515,-0.34925213,-0.33799624,-0.41251746,-0.38346081,-0.1789385,-0.11965192,-0.15742664,-0.099931469,-0.16633049,-0.33442262,-0.11702427,0.052169495,0.084178722,-0.0099358852,-0.098882846,0.027461031,0.048370377,0.18251548,0.28465233,0.14440143,-0.020790884,-0.23355648,-0.23273646,0.051817362,0.25987541,0.24388965,0.28846095,0.26062712,0.048304723,0.11133664,0.30693989,0.28082726,0.26553582,0.36729566,0.31517024,0.34549179,0.43934891,0.595255,0.63157879,0.7113599,0.72400354,0.65068751,0.66268684,0.6425727,0.75146107,0.53918216,0.49165549,0.65616939,0.86318985,1.0481826,1.0294053,1.1084237,1.271392,1.2479539,1.5414641,2.1470106,2.3266723,2.2258565,1.9720868,1.5411198,1.5008639,1.8777549,2.422262,2.5367183,1.8475669,1.3984247,1.1977752,1.3091797,0.84821434,0.41816182,4,1,0,1
-0.66380967,-1.2221679,-1.2857745,-1.7597279,-1.8824474,-1.9891388,-2.1064805,-2.0800342,-1.8311279,-1.3511945,-0.87022505,-0.18182811,0.46557008,0.7721812,0.88787184,0.71213661,0.45397408,0.28228153,0.2001392,0.5231667,0.97035575,1.0189201,0.72635697,0.25849444,-0.16301481,-0.29115502,-0.33616238,-0.43840549,-0.26345937,0.17782132,0.58251242,0.79409639,0.72809028,0.5800149,0.60697654,0.92285869,1.2651779,1.0718428,0.48421864,0.068222825,0.10530339,0.53220997,0.86058245,0.89890239,0.78025777,0.50397087,0.24681681,0.078369918,-0.030779705,-0.018020117,-0.016306028,-0.017455061,0.10053204,0.25247575,0.35470673,0.37885996,0.2920819,0.15179369,0.09274287,0.22218887,0.46182663,0.51032957,0.33359925,0.35507975,0.58460296,0.45724747,0.071070456,-0.021355612,0.041385471,0.1154288,0.37633959,0.54461693,0.34143829,0.087200238,0.10931145,0.2553368,0.27695775,0.2409016,0.28776374,0.34063621,0.3198003,0.2878371,0.23017023,0.20230618,0.3885856,0.66418126,0.71132226,0.52223661,0.41054402,0.46407571,0.48856895,0.54925641,0.72396482,0.71311339,0.47204349,0.36845442,0.43668828,0.57809937,0.7708341,0.70545779,0.46538091,0.39810316,0.28672994,0.1219182,0.33242425,0.8875994,1.2951277,1.2447637,0.88719852,0.5620468,0.46072035,0.53573167,0.63380852,0.62699483,0.47888808,0.31180491,0.2355388,0.22439134,0.34950599,0.61111109,0.67733854,0.39754596,-0.016652969,-0.29402564,-0.25738421,-0.078357989,-0.21734787,-0.77965129,-1.4514743,-1.9998236,-2.4352858,-2.7873007,-3.2359133,-3.7242631,-3.7002533,-3.3230786,-2.4129374,-1.2778319,-1.1676267,-0.24908392,4,1,0,1
1.7600835,1.2898142,0.37758422,-0.50639231,-1.5452296,-2.4353568,-2.9468779,-3.0345753,-2.8149908,-2.5013752,-2.0499212,-1.549339,-1.1043957,-0.70417537,-0.56183174,-0.63988436,-0.42599559,0.096020792,0.44677353,0.58612,0.59809991,0.49930072,0.47986916,0.48913042,0.47266478,0.5398053,0.58379516,0.52908317,0.48582235,0.52415139,0.58426893,0.56546426,0.52027866,0.54655205,0.58828385,0.56407147,0.50969086,0.4486856,0.4212875,0.47171584,0.47998572,0.42864194,0.44243369,0.44568237,0.38363981,0.3518994,0.36798115,0.37143394,0.33308764,0.31238564,0.28631585,0.22792477,0.27184934,0.30969699,0.24267496,0.22463914,0.18527616,0.13265659,0.12264825,0.053866187,0.065524772,0.12117878,0.063387594,0.058559206,0.096195926,0.069650824,0.076862807,0.10344628,0.079862406,0.09093802,0.13684916,0.11448794,0.082438989,0.11358422,0.13734467,0.16067802,0.22646085,0.2598677,0.25508061,0.29735785,0.35486615,0.38203812,0.41645475,0.47702586,0.51561569,0.49413992,0.49562355,0.58759623,0.6741824,0.68034303,0.66251781,0.6471114,0.65866721,0.7163971,0.68639608,0.62384599,0.72533829,0.82327904,0.78814594,0.76322463,0.73199511,0.66910119,0.70884883,0.76288458,0.71429079,0.73417674,0.83377846,0.86002354,0.78385644,0.65611844,0.63556854,0.64165287,0.49342974,0.39440406,0.42720529,0.38279322,0.30427878,0.25330794,0.088605559,-0.070949636,-0.13451653,-0.28538684,-0.34582348,-0.15600982,-0.0049231823,-0.043900045,-0.24423511,-0.64924122,-1.222686,-1.795621,-2.2724519,-2.7125523,-3.2102821,-3.5176758,-3.2373815,-2.5310285,-1.5661703,-0.56483538,0.0031584229,0.57082985,2,1,1,1
-1.4068699,-1.1569459,-2.2224052,-4.1295203,-3.7318587,-3.1004018,-1.4096099,-0.80498166,-0.28571206,0.40347626,0.61833983,0.44195604,0.24365196,0.34395981,0.6888583,1.1508806,1.5074185,1.8562474,1.707344,1.6759628,1.7341172,1.8343901,1.8652153,1.9506229,1.9584021,1.9668383,1.9415705,1.9646785,1.7586507,1.6556314,1.4199405,1.2856279,1.0255461,0.80649531,0.66154566,0.51358523,0.54176951,0.48949763,0.36290035,0.3729463,0.44793634,0.48929847,0.47241094,0.49542448,0.63155659,0.67862089,0.5375471,0.52010731,0.44647568,0.55052279,0.49109517,0.44593046,0.26465749,0.29466143,0.35798513,0.25007503,0.16778782,0.11324935,0.065629403,-0.067824034,0.03491053,-0.068247049,-0.12671371,-0.034015024,-0.050000089,-0.31631868,-0.2447206,-0.16380998,-0.20077445,-0.23501474,-0.39683265,-0.44363605,-0.33261461,-0.41989952,-0.35062303,-0.3734506,-0.48375439,-0.54654863,-0.50378275,-0.48023543,-0.52429903,-0.48772038,-0.54087682,-0.62329676,-0.59819059,-0.521326,-0.59557077,-0.6213632,-0.57369474,-0.63598493,-0.6309677,-0.56109805,-0.63950323,-0.62357246,-0.70994157,-0.64236625,-0.61068358,-0.6780018,-0.59940145,-0.61585129,-0.61576222,-0.56436714,-0.63452937,-0.51845787,-0.55371551,-0.57249716,-0.61634046,-0.67177867,-0.66877565,-0.68641599,-0.6159917,-0.66191844,-0.50694906,-0.30411918,-0.00017614887,0.28983642,0.41203785,0.65687415,1.0620536,0.94027011,0.64557907,0.42887976,0.19786141,-0.14396048,-0.68607595,-0.82069663,-0.89776855,-0.84730638,-0.78604124,-0.86822295,-0.79992604,-0.78918373,-0.70683571,-0.74456667,-0.26098093,0.33526436,0.39619561,1.1910426,1.39591,0.20843735,1,0,0,1
0.42218676,-0.62802192,-0.29183611,-0.10337963,0.31250004,0.4108879,0.10932897,-0.75328003,-0.95676392,-1.0969293,-0.96066662,-0.78271345,-0.89892576,-1.152474,-1.3833355,-1.6195954,-1.716532,-1.7945521,-1.8588428,-1.9158531,-1.9251631,-1.9066059,-2.0018993,-2.0611959,-2.0453366,-1.954051,-1.9373788,-1.8903046,-1.7884619,-1.7751985,-1.7762726,-1.6048559,-1.5430324,-1.4451034,-1.341324,-1.2201185,-1.0815465,-1.0086509,-0.95188782,-0.77098194,-0.65137096,-0.60703582,-0.44775824,-0.39035772,-0.30338198,-0.25794722,-0.20592432,-0.18410051,-0.13705581,-0.15478148,-0.093494203,0.0045285568,-0.036821484,-0.049280312,-0.037783682,-0.1252653,-0.08329981,-0.077141269,-0.062648845,-0.063039112,-0.032171982,-0.00562705,0.041097684,0.06735443,0.033941996,0.063486366,0.025673576,0.060157311,0.070646241,0.037959374,0.065548867,0.10850929,0.11794788,0.15133594,0.1901048,0.18623223,0.25056812,0.16485646,0.19098957,0.28490369,0.32685981,0.24389882,0.32034421,0.33089182,0.2841153,0.28712071,0.32400032,0.36526912,0.350513,0.36257858,0.36866844,0.42994375,0.44274317,0.43798023,0.46415696,0.41992089,0.50528177,0.50736746,0.52394534,0.51517934,0.53141593,0.53761538,0.59081186,0.61373342,0.56797286,0.69825069,0.79335733,0.94565033,1.0883556,1.2591558,1.4322582,1.7117654,1.8664457,1.853171,1.8305937,1.6611338,1.6011664,1.4076369,1.1284024,0.82223184,0.59511805,0.62475518,0.56482783,0.55175108,0.63816591,0.64618497,0.61746566,0.64985373,0.66142944,0.70133164,0.76399321,1.3111416,1.7665633,1.5211096,1.4296189,1.3729058,1.2756234,1.3504689,1.9281645,0.85623602,1,0,0,1
-1.7641346,-1.5527278,-2.5561741,-4.4159744,-4.5028715,-4.4440304,-3.5209286,-2.3571222,-1.8045107,-1.1210994,-0.053093923,0.56006504,0.89334776,1.2660052,1.3653024,1.3598926,1.3355062,1.2996081,1.0017811,0.51674927,0.55470022,0.62831348,0.7999993,0.79822835,0.8047853,0.78112325,0.83812342,0.87915238,0.77946632,0.77644042,0.75213808,0.69770688,0.60600901,0.44390036,0.33143291,0.20776601,0.22233285,0.14365735,0.0092242245,-0.069068831,-0.04645465,-0.046892439,-0.0099896271,0.08577132,0.054029614,0.031003421,0.098005235,0.088377228,0.043597358,0.11623148,0.082426909,0.0048088291,0.11939027,0.054193658,0.00091629141,-0.0084618957,0.075719638,-0.12009846,-0.16349346,-0.11566523,-0.043834105,-0.10980347,-0.17917384,-0.11912067,-0.17621772,-0.20557902,-0.10242957,-0.12642868,-0.17243804,-0.21410175,-0.25890311,-0.23594119,-0.18500934,-0.24432646,-0.24783305,-0.14654715,-0.11129817,-0.20380767,-0.24464933,-0.1480048,-0.13249615,-0.17983659,-0.16091521,-0.27487662,-0.23487466,-0.25103184,-0.18423235,-0.13329832,-0.19896717,-0.1624047,-0.086123744,-0.1998307,-0.10043705,-0.12676456,-0.17551611,-0.10004725,-0.13755466,-0.086830298,-0.087484667,-0.081954075,-0.11568619,-0.11043632,-0.0903761,-0.0035705821,-0.016941857,0.025318517,-0.014704498,-0.0089645107,0.022384132,0.081599081,0.15636045,0.34235852,0.67520008,0.89917432,1.3254244,1.7347457,1.9780787,1.7832037,1.4900907,1.2112871,0.74634467,0.19097321,-0.24950269,-0.45960424,-0.41507786,-0.43073857,-0.41321365,-0.45208731,-0.39831898,-0.3410661,-0.41760137,-0.33428462,-0.29321082,0.403176,1.1037486,1.0121238,1.2871098,0.94047242,0.25087489,0.64182457,1,0,0,1
4.0330039,3.2977752,0.44175171,-1.7394736,-2.9877965,-3.647033,-2.9648595,-1.3267808,-0.74160412,-0.6893671,0.87286393,1.1260691,1.009475,1.0034131,1.1606733,1.1046526,0.95789182,1.0362072,1.005249,0.9051232,0.96470662,0.80317287,0.69870117,0.77864454,0.74247721,0.52216345,0.54602591,0.50039452,0.42992389,0.28060313,0.1410292,0.010500044,-0.068390198,-0.27987846,-0.30341527,-0.26624045,-0.32149601,-0.20645139,-0.32366376,-0.20050688,-0.33791852,-0.22837519,-0.29563573,-0.10637537,-0.078322692,0.15936447,0.19786245,0.22006866,0.33757876,0.31536868,0.43824669,0.36906979,0.49282131,0.54030706,0.42506558,0.47954717,0.46950155,0.47284467,0.558003,0.60220795,0.49534385,0.57559462,0.39151215,0.37709457,0.31093708,0.3063618,0.42295211,0.44216773,0.53967751,0.50183037,0.51731232,0.55654422,0.50029581,0.51704835,0.55200523,0.64802623,0.49458497,0.44401086,0.4107395,0.5337729,0.53464353,0.48696389,0.36654836,0.33220831,0.31876939,0.22850262,0.027992957,0.093574514,0.16870274,0.066297608,0.017952042,-0.030339258,-0.24586529,-0.1518132,-0.17204827,-0.25624016,-0.38010846,-0.43529911,-0.39395719,-0.46636016,-0.23688923,-0.18480109,0.10626853,0.37560965,0.34858638,0.21013733,0.52145964,1.0050158,0.97415659,0.45115622,0.14924716,-0.032422783,-0.055425328,-0.10918673,-0.37092696,-0.70515613,-1.2666622,-1.5869162,-1.7893621,-1.6471101,-1.7832943,-1.674779,-1.6836801,-1.7032147,-1.8489937,-1.7905387,-1.7328556,-1.6938788,-1.5400431,-1.6537002,-1.6443605,-1.4600771,-0.80268771,-0.55022048,0.12779698,0.2497508,0.76857777,0.29955751,0.26685559,0.70830499,1,0,0,1
0.74035865,-2.1779947,-3.7058289,-4.1676885,-3.6073055,-2.6480816,-1.5727974,-1.1773021,-0.74546023,0.16786411,0.31748822,0.23620644,0.31160402,0.29773259,0.31727395,0.2396042,0.10124561,0.15856742,0.16719993,0.10817543,0.048974838,-0.021378312,-0.11965822,-0.090547929,-0.0094632262,-0.15422087,-0.18709336,-0.20916893,-0.24014348,-0.3647527,-0.4329957,-0.40406795,-0.61913308,-0.51915123,-0.57229786,-0.70011751,-0.7001863,-0.48535062,-0.47736836,-0.54342103,-0.35890073,-0.250996,-0.15596592,-0.11966749,0.084030325,0.17688928,0.20341055,0.21159262,0.20524361,0.27633337,0.21518076,0.3910651,0.48039757,0.62088199,0.39209329,0.4098513,0.51157108,0.34795182,0.40966084,0.58980937,0.64343177,0.64752517,0.73856715,0.71275251,0.60290678,0.67051165,0.79530736,0.9927935,0.93319772,0.74860747,0.95735523,1.0017751,0.86945719,0.71784433,1.1294273,0.97610517,0.51194597,0.71003515,0.76541571,0.87874297,0.83954913,0.68888526,0.69449726,0.54492322,0.60300124,0.66197937,0.64344465,0.71420703,0.70796667,0.4951242,0.58801162,0.41555354,0.4818104,0.65584106,0.29034805,0.064952391,0.23173159,0.56482565,0.88352078,0.92186525,1.0127012,1.1739874,1.5157898,1.6525528,1.5146293,1.6142418,1.4415101,1.2024908,0.88541542,0.568255,0.23647028,-0.46055979,-0.94302409,-1.2000143,-1.6307842,-1.7508115,-1.6196585,-1.7520296,-1.4890837,-1.3840468,-1.3090915,-1.2108691,-1.3207777,-1.1245315,-1.0455305,-1.3814306,-1.2022685,-0.96495858,-0.87978678,-0.6051678,0.13121766,0.096798435,0.16501392,0.4395779,0.37422281,0.063735025,0.017435474,0.45104178,0.96860326,-1.1467614,1,0,0,1
3.0738208,1.4078621,-1.3761781,-3.1212506,-4.3710331,-4.7646842,-3.7541135,-2.0038177,-1.617322,-1.1741881,0.14684837,0.40946558,0.35122929,0.45362767,0.33131712,0.30319678,0.30544635,0.4360252,0.40432866,0.32452555,0.30949744,0.19103218,0.31706271,0.047995403,0.026148235,0.12841966,0.060942296,-0.18130542,-0.25408176,-0.19738493,-0.19912389,-0.25405507,-0.55794906,-0.48357734,-0.59966273,-0.74666498,-0.6247417,-0.74857282,-0.71330189,-0.63261649,-0.61725846,-0.6276018,-0.42838824,-0.46601276,-0.3982902,-0.17650637,0.060872672,0.15195165,0.14776613,0.25361611,0.34647189,0.30642501,0.39825853,0.47993627,0.49478922,0.34247507,0.41953202,0.60008331,0.44961731,0.43634021,0.40204791,0.53878608,0.46682348,0.43800912,0.54522062,0.46722626,0.58466069,0.41139866,0.60581577,0.53965235,0.65390604,0.7139042,0.65325792,0.83310135,0.69932259,0.8591872,0.74742994,0.80141802,0.77745629,0.55937321,0.56861787,0.80013477,0.63273601,0.48943191,0.60907912,0.40414278,0.36065872,0.22442194,0.35842635,0.41064393,0.27533552,0.077726468,0.13595047,0.13003956,0.04453592,0.087613238,-0.10628961,-0.13835027,0.051065033,0.097883491,0.18220255,0.41630991,0.72362504,0.84469348,0.75507634,0.74746983,1.4225967,1.5991297,0.93211999,0.64518095,0.47528754,0.49908023,0.56136233,0.50730702,0.16195777,-0.4348585,-0.76796665,-1.1081257,-1.0615613,-0.97148339,-0.92164553,-1.0150152,-1.2698893,-1.1833773,-1.2364657,-1.0562793,-1.2293488,-1.1685616,-1.2610071,-1.1338193,-0.70833719,0.062604309,0.39487382,0.50819108,1.3113547,1.1978403,1.2707579,-0.00073844854,0.21064536,0.45976906,1,0,0,1
0.30206131,-0.013412254,-0.56213034,-0.98562275,-1.1934595,-1.4913122,-1.6581675,-1.4736328,-1.0964604,-0.912506,-0.78319583,-0.6905842,-0.38447878,-0.14690751,-0.15189998,-0.14099054,-0.12346419,-0.1331383,-0.17406969,-0.17710412,-0.15845587,-0.1929245,-0.1297956,-0.15222678,-0.17749039,-0.15126612,-0.1577302,-0.20662245,-0.24865407,-0.23234676,-0.18229115,-0.24454195,-0.26237083,-0.30291757,-0.29944559,-0.27640625,-0.25224307,-0.30470811,-0.35855933,-0.32230766,-0.36501651,-0.36851025,-0.36449872,-0.33159854,-0.3817189,-0.39147752,-0.4122889,-0.41077767,-0.42178508,-0.35450064,-0.40027069,-0.38256549,-0.40678644,-0.37965288,-0.37910649,-0.33072896,-0.33185493,-0.31781977,-0.2796704,-0.25231451,-0.17310633,-0.16935699,-0.15936572,-0.11109052,-0.15655225,-0.06630444,-0.11357007,-0.06809728,-0.041956572,-0.031484947,-0.010749268,0.022674422,-0.039279537,-0.0010558992,0.062631202,0.036663062,0.054790318,0.061320223,0.048259594,0.044312183,0.056251475,0.072022781,0.10070421,0.060392195,0.067184332,0.083697227,0.09694354,0.084930962,0.12607613,0.12738504,0.12370705,0.18575503,0.11037982,0.16536906,0.18828927,0.16784797,0.18007441,0.18671279,0.2343782,0.24379023,0.20489594,0.28547467,0.27902175,0.21848168,0.26538807,0.33084692,0.32370357,0.3404846,0.4223897,0.51717666,0.59185941,0.70891205,0.83627698,1.005131,0.9971628,1.0494617,1.2710119,1.4472373,1.6063356,1.729699,1.890217,2.1309125,2.3870737,2.5203805,2.7383207,2.8421693,2.7692476,2.3713555,1.9668996,1.6630304,0.93130102,0.21350354,-0.30777971,-0.61315873,-0.78390465,-1.7142853,-2.7658349,-3.3111067,-3.6569891,-3.6861535,2,1,0,1
1.5393344,1.2445626,0.90616933,0.28926163,-0.24836132,-0.58351854,-0.94258303,-1.2886798,-1.4933584,-1.5833878,-1.4102867,-1.0132694,-0.67842284,-0.38908468,-0.20902605,-0.24642086,-0.10712357,0.19997448,0.38659131,0.55160588,0.5798253,0.5144779,0.56072917,0.53029243,0.4952768,0.55028202,0.51097898,0.5776922,0.6186635,0.50316921,0.5177149,0.56820493,0.54642056,0.49454794,0.46812774,0.47685065,0.47326533,0.49020794,0.47852788,0.39936796,0.43045482,0.44371426,0.39746794,0.43509514,0.36894297,0.31089909,0.33716073,0.34128975,0.33909121,0.32188368,0.30885255,0.29265239,0.32257596,0.26652801,0.18704595,0.26043715,0.27767881,0.20743785,0.13626458,0.18158286,0.19539165,0.093496672,0.12321574,0.11261978,0.095075547,0.11504518,0.11701105,0.14941422,0.11694265,0.12494617,0.1266602,0.15618052,0.20988234,0.16809951,0.15227959,0.14089592,0.19337768,0.23074079,0.23327303,0.28363142,0.29739786,0.34757988,0.35664031,0.39172233,0.4905076,0.47112905,0.46579686,0.52144918,0.53960605,0.5638929,0.56423111,0.55046813,0.58598559,0.55362248,0.52454626,0.62503178,0.65586262,0.58399594,0.61496629,0.69417699,0.69690019,0.66721092,0.60702897,0.59181177,0.6751742,0.70813528,0.68295415,0.64495914,0.62447345,0.62695467,0.67561899,0.72316644,0.6145223,0.62033988,0.65261177,0.51354095,0.43981726,0.32587282,0.21985678,0.25201848,0.18245388,-0.012438649,-0.21966568,-0.41738744,-0.57927145,-0.84888909,-1.0640024,-1.1938265,-1.4773802,-1.7515597,-2.0880299,-2.6071191,-2.929433,-3.2313771,-3.5596058,-3.8675204,-4.0635023,-3.1797268,-2.6423522,-0.99477927,2,1,1,1
-3.0218298,-3.2403342,-4.3100424,-3.9466963,-3.4291478,-1.9052521,-1.069373,-0.92723898,-0.25817757,0.19711666,0.065302115,0.029240386,0.10384034,0.16148469,0.14826903,0.031134383,0.1555586,0.11400052,0.060606808,-0.052023662,-0.071643615,-0.1240551,-0.12528048,-0.12028308,0.028208771,-0.08981808,-0.15192779,-0.056829884,-0.14130325,-0.21334121,-0.24257265,-0.1593885,-0.19921856,-0.21327583,-0.24483585,-0.20723859,-0.14546308,-0.21551866,-0.12720437,-0.03114768,-0.049708166,0.088058058,0.085471615,0.21103,0.36588044,0.50857235,0.42268017,0.40487049,0.59247463,0.70205342,0.67039318,0.6147965,0.56379545,0.62812692,0.69084292,0.591939,0.58498239,0.62018977,0.70475339,0.77175606,0.70806644,0.67252376,0.75197654,0.76134224,0.76926996,0.67641946,0.71654961,0.77325522,0.74380445,0.90862499,0.92383375,0.83297276,0.74666325,0.77160335,0.83897189,0.76066588,0.77423489,0.76948208,0.6223675,0.61187545,0.61320681,0.68836495,0.37214823,0.46557111,0.36714871,0.34131527,0.47813169,0.43498139,0.30108373,0.22729924,0.2771565,0.22768653,0.39437547,0.24524916,0.42580156,0.50536368,0.66954651,0.92208254,0.9287808,1.0259191,1.3464108,1.4925836,1.6678221,1.7222763,1.6552902,1.3989548,1.3315126,1.2671009,0.91578101,0.63413324,0.1737507,-0.27701782,-0.6393754,-0.72520636,-0.79369843,-0.90007079,-0.89739823,-0.79790854,-0.94340824,-1.0691032,-1.1322872,-1.0892777,-1.1122374,-1.1703598,-1.2119666,-1.072638,-1.1562347,-1.2085131,-1.1403666,-0.88893642,-0.25628412,-0.48223183,-0.52471164,-0.52238589,-0.8088607,-0.56287731,-0.62911297,-0.33912291,-0.21109378,-1.9159058,1,0,0,1
0.03590523,-1.0961208,-1.7483232,-2.274039,-2.1367159,-1.6012479,-0.6273069,-0.38610153,-0.12277518,0.31005728,0.48648302,0.51613957,0.4230752,0.44541168,0.41486233,0.45297259,0.51754599,0.52636925,0.48276412,0.41952679,0.4919547,0.43248101,0.40691186,0.38710456,0.37012676,0.42148158,0.33761299,0.39218126,0.3651686,0.35474965,0.36761325,0.25558476,0.26699331,0.28426143,0.25419018,0.22945931,0.25549094,0.32069727,0.28538683,0.39103771,0.35377487,0.39597835,0.43287884,0.40419001,0.50376167,0.48915288,0.49371712,0.47214105,0.48767327,0.49795989,0.48126861,0.52377297,0.41675865,0.44367054,0.51332191,0.46764655,0.49127344,0.4093892,0.43482333,0.52782897,0.47877054,0.5631218,0.52646735,0.52996019,0.52710141,0.5367682,0.56780833,0.62366021,0.62552196,0.62060246,0.63575392,0.61594168,0.64799946,0.682715,0.69282625,0.61599419,0.59422656,0.55598775,0.61866909,0.52743931,0.45597915,0.50099705,0.49174801,0.51786017,0.4633948,0.38713158,0.37144481,0.35838658,0.35881672,0.3677152,0.31662436,0.40322889,0.5165925,0.64145833,0.7365738,0.78251246,0.95799652,1.0870121,1.2228464,1.1498151,1.0836586,1.0464286,0.88303416,0.68408391,0.47540097,0.32210567,0.087449716,-0.2009394,-0.35055604,-0.53739106,-0.58910271,-0.61596513,-0.64868084,-0.65043447,-0.66500106,-0.74316449,-0.7654405,-0.75223471,-0.81639811,-0.84609298,-0.86074655,-0.87995664,-0.94302317,-0.83633182,-0.56158503,0.018741634,0.11546373,-0.08428454,-0.43861403,-0.91468931,-1.1987384,-1.5055389,-1.5165951,-1.3293794,-1.6834829,-2.7094445,-3.5462281,-4.1571949,-4.1635072,-4.231048,1,0,0,1
-1.5028503,-1.7188539,-1.8889922,-2.0959075,-2.2009811,-2.2436602,-2.125388,-1.8378743,-1.2864665,-0.87032249,-0.72771623,-0.63139635,-0.44074587,-0.37513027,-0.37439788,-0.38393382,-0.49225049,-0.51913848,-0.50827028,-0.42136936,-0.27055918,-0.22456295,-0.31590498,-0.3647076,-0.39768927,-0.48387794,-0.3844761,-0.25414426,-0.24152488,-0.17464161,-0.18096878,-0.26462616,-0.26556237,-0.27610892,-0.31791199,-0.30405198,-0.25149064,-0.25258286,-0.15983192,-0.095899525,-0.1592108,-0.22101126,-0.13136846,-0.061678922,-0.1235535,-0.14802853,-0.22051033,-0.17133684,-0.13392713,-0.099767767,-0.070339342,-0.10694027,-0.10045617,-0.05492974,-0.020962955,-0.037254032,-0.0088860773,-0.067633227,-0.049193243,0.072495095,-0.0053695358,0.064541968,0.10820592,0.0713075,0.072479587,-0.0091408443,-0.11532771,-0.031123912,0.0773149,0.035280233,-0.013369684,-0.1049477,-0.092806964,-0.0080409056,-0.088378407,-0.17111623,-0.099352187,-0.072206436,-0.037588588,0.0013368843,-0.048683763,-0.060671961,-0.075646313,-0.091201502,-0.15954669,-0.10765539,0.024534842,-0.0026584221,0.067729725,0.1805167,0.21421719,0.25043196,0.32632785,0.42133726,0.3605066,0.33599331,0.26587089,0.21333281,0.21884705,0.26327169,0.18674416,0.16505361,0.26480008,0.45426187,0.49027302,0.39139056,0.36964287,0.48635488,0.51413735,0.65550211,0.85022135,0.85719466,0.90255132,1.0088411,1.2057117,1.3408683,1.443581,1.5607865,1.7282405,1.963152,2.1185153,2.3812575,2.5917805,2.7100139,2.7346889,2.5279905,2.1668084,1.9179885,1.6588635,1.0875403,0.71502382,0.44468384,0.25972715,0.097256709,-0.57127772,-1.5180528,-2.3541963,-2.5926715,-2.7615307,-2.5910076,2,1,0,1
-1.7450834,-4.1421068,-3.8134371,-2.9514603,-1.474274,-0.91654016,-0.86131013,-1.2134261,-1.5126318,-1.5510108,-1.6284912,-1.6826936,-1.7790363,-1.7376867,-1.8295082,-1.8911468,-1.888451,-1.919263,-1.9223879,-1.8839567,-1.8473338,-1.7702611,-1.655245,-1.5395852,-1.3658468,-1.1244878,-0.98669498,-0.74485765,-0.5671765,-0.38025983,-0.1212649,-0.059707385,0.093771556,0.24720393,0.27086729,0.3559847,0.3596959,0.3013115,0.30570201,0.25614703,0.24813091,0.16660847,0.1450738,0.097862581,0.054459599,0.1177249,0.077266379,0.13125418,0.08791345,0.13158968,0.22013043,0.25361773,0.25042446,0.36946487,0.45675876,0.46880947,0.52127644,0.50965676,0.5042248,0.50020602,0.54870888,0.4984707,0.52197247,0.5496625,0.51789695,0.48708306,0.50956245,0.47859772,0.46400327,0.4898685,0.45369525,0.44253304,0.42581804,0.40780711,0.41834183,0.46490031,0.454753,0.41915201,0.42353481,0.4058202,0.45333766,0.38513396,0.40145627,0.37984052,0.42961186,0.44900857,0.41832154,0.44675883,0.46219775,0.37348983,0.41931914,0.366986,0.34062224,0.43253802,0.38869578,0.41420104,0.47038055,0.37927816,0.4152175,0.37340295,0.33600128,0.41104139,0.41815886,0.42938967,0.4284559,0.45056071,0.46968822,0.4667717,0.61079005,0.55664513,0.63972371,0.78344866,0.95568527,1.225639,1.1772193,0.88700295,0.70050403,0.69458814,0.67741706,0.70767043,0.49524052,0.33221463,0.16204384,0.20201687,0.22845559,0.24159828,0.21155276,0.15409622,0.25596944,0.24789525,0.23983173,0.32835666,0.39525202,1.1141462,1.6919489,1.7833499,2.1338954,1.5443252,0.57426998,0.058644457,1,0,0,1
-0.80322714,-1.3175353,-1.8022069,-2.1010184,-1.8660091,-1.4730427,-0.88231427,-0.44710767,-0.29073723,0.0028711926,0.35633781,0.4584438,0.32934619,0.34761462,0.47341812,0.53457154,0.42405903,0.40442282,0.49003757,0.34431283,0.36228418,0.37969598,0.39064832,0.4672903,0.44174778,0.37661191,0.32698766,0.38395188,0.38110988,0.28984862,0.24527165,0.29562082,0.30068731,0.29925901,0.25840684,0.20825633,0.16977986,0.1191444,0.17741865,0.16042753,-0.0092852244,0.0065395283,0.14753803,0.1298565,0.12591962,0.14331126,0.17365495,0.21079864,0.18017955,0.1815006,0.21503472,0.23810635,0.25841538,0.21449492,0.2715268,0.35019612,0.35248856,0.37538578,0.40506793,0.35803072,0.3652547,0.34014457,0.38894588,0.45312825,0.47548226,0.28858268,0.26980506,0.37253526,0.41909534,0.38842047,0.42361724,0.36841948,0.38479222,0.35559495,0.32569183,0.30720764,0.34750899,0.37124746,0.41224393,0.45579303,0.4022292,0.36366809,0.40550754,0.36852521,0.44895593,0.56918634,0.5277781,0.52469521,0.54295177,0.53801156,0.52314267,0.56000773,0.5233354,0.47651747,0.44479884,0.40045885,0.48517955,0.44467815,0.40104698,0.35634142,0.38507793,0.38542841,0.36764103,0.29202345,0.25865013,0.27833293,0.18027059,0.20768909,0.15304885,0.12252761,0.25596675,0.22763778,0.20359261,0.18157114,0.18547225,0.28165752,0.42042114,0.51262024,0.56219576,0.51296384,0.43213483,0.52627444,0.64131328,0.79327312,0.64233999,0.48503591,0.19962965,0.032031838,0.05788916,-0.2762834,-0.8916064,-1.6585235,-2.3300304,-3.141569,-4.2364624,-4.9114167,-4.6701451,-3.589902,-2.4537978,-1.9909481,4,1,1,1
1.0767894,0.880992,-0.058180125,-0.31383376,-0.15075039,0.22400615,0.55701421,0.63783419,0.76762038,0.98352017,1.0039378,0.97044751,0.97617941,1.029434,0.98765157,0.99519912,0.99658042,1.0046048,0.97056725,0.97029273,0.93043775,0.91152035,0.91149248,0.89630773,0.86788617,0.85837481,0.82582824,0.80838204,0.78146973,0.76180989,0.72734384,0.67392021,0.68026399,0.68853031,0.63300537,0.62858178,0.62053797,0.64902948,0.63971482,0.65491337,0.70109265,0.69617677,0.7483685,0.78722332,0.82178165,0.87259912,0.8891415,0.90812633,0.90998372,0.89947644,0.92836662,0.9296908,0.92596601,0.91748853,0.93961593,0.91110554,0.91036205,0.92145128,0.91698034,0.91994495,0.95829904,0.93341216,0.92537202,0.92023342,0.9462597,0.93964693,0.92587861,0.96917828,0.94058491,0.95885017,0.97665319,0.95409528,0.97446528,0.9746258,0.98960451,0.97169416,0.92072342,0.9157703,0.86018723,0.82636409,0.39432647,-0.23762159,-0.49635507,-0.67319321,-0.74499291,-0.83356025,-0.92479535,-0.98825283,-1.0369692,-1.0870335,-1.1390061,-1.1401353,-1.1889728,-1.2213204,-1.2159438,-1.2309179,-1.2090772,-1.1871852,-1.113948,-1.0868224,-1.0014914,-0.93626434,-0.85289847,-0.7724603,-0.78177116,-0.82549492,-0.87821522,-0.92870015,-0.98297558,-1.0586912,-1.2278639,-1.3015494,-1.4184325,-1.486351,-1.4856039,-1.5143273,-1.5168045,-1.5443114,-1.512485,-1.5608622,-1.5455288,-1.5115558,-1.5283227,-1.5200044,-1.5094434,-1.5065742,-1.4868948,-1.4736986,-1.4309922,-1.2937325,-1.076633,-1.0467675,-1.0852851,-0.92983029,-0.78441281,-0.78690706,-0.89152729,-0.85973205,-0.69595742,-0.98296724,1,0,0,1
1.5570062,-0.70164433,-1.1651797,-2.476572,-2.9254531,-3.1117859,-2.6183866,-1.9101303,-1.5787238,-1.2277576,-0.58384135,-0.43787256,-0.48439279,-0.55169012,-0.51540663,-0.57409485,-0.59331421,-0.51947295,-0.55287876,-0.61882233,-0.68864431,-0.76481273,-0.61140524,-0.69792284,-0.80054014,-0.75789098,-0.90393443,-0.92366796,-0.82602577,-0.72975691,-0.90276616,-0.87017438,-0.97808279,-0.93319398,-0.91867394,-0.91728921,-0.98587719,-0.96455856,-1.002888,-0.91207772,-0.907956,-0.95355881,-0.96059342,-1.0244114,-0.91835994,-0.78803624,-0.70876637,-0.65623829,-0.66096799,-0.81409953,-0.64365872,-0.4807322,-0.50955485,-0.56362896,-0.64824243,-0.40950011,-0.5124682,-0.52832344,-0.53869787,-0.45231635,-0.36694676,-0.46288724,-0.46904025,-0.34211204,-0.39808139,-0.40030683,-0.29347612,-0.24041277,-0.15645775,-0.10441463,-0.085668263,0.016752898,-0.017679704,-0.065718852,-0.0060633418,0.1539221,0.2922465,0.048260659,0.1725249,0.28560644,0.30315739,0.31553763,0.26743433,0.32615177,0.37139846,0.44149281,0.45009577,0.44786683,0.39573872,0.39389753,0.4722113,0.38778669,0.48037205,0.5067113,0.35621824,0.60552077,0.63431991,0.64263987,0.56687891,0.99031678,1.0040582,1.1513072,1.4311792,1.6282298,1.6735938,1.9265502,2.3033839,1.8518237,1.8853117,1.7708862,1.7789157,1.5966286,1.3572952,1.1425592,0.62606439,0.44810483,0.55038367,0.61590512,0.48823406,0.38796721,0.42888409,0.57481315,0.62609895,0.76155379,0.82504641,0.64990753,0.61384655,0.85808249,0.82609002,0.85521819,1.0704283,1.6282462,1.8733977,1.1365614,1.1721936,1.1418162,1.1529089,1.0263027,1.3263834,1.2787519,1,0,0,1
3.6908442,0.71141435,-2.1140915,-4.1410068,-4.5744716,-3.4319085,-1.9507914,-1.1070667,-0.63232248,0.33457718,0.87883579,0.83106672,0.83246584,0.79099271,0.73318448,0.67531414,0.76075122,0.64545074,0.64472425,0.59314006,0.60070077,0.4967947,0.40954629,0.33081901,0.15958058,0.20091363,0.10775284,-0.039164736,-0.096833474,-0.17062963,-0.2969516,-0.38126935,-0.36309706,-0.5013618,-0.67307625,-0.55188068,-0.65094102,-0.54260816,-0.66110174,-0.58118387,-0.45428738,-0.45106516,-0.29907368,-0.21448719,-0.076921402,0.10233773,0.20839504,0.15054113,0.21366603,0.24493933,0.30699451,0.33835116,0.34609696,0.41369076,0.44100555,0.39159341,0.41750854,0.30276646,0.38036357,0.28972908,0.37412731,0.39876561,0.36499806,0.63122707,0.50918961,0.46911811,0.61013159,0.59380291,0.56851494,0.6185489,0.75104048,0.49345872,0.53952164,0.64126341,0.60935203,0.59405769,0.40790413,0.42761301,0.43085571,0.41528731,0.31350561,0.35372391,0.26930733,0.16958593,0.2408928,0.13035327,0.18621097,0.024304193,-0.068152656,0.0095436502,-0.16012437,-0.135601,-0.15552812,-0.14475897,-0.00397988,-0.040228089,-0.051341236,0.038336424,0.34101747,0.6159584,0.81549648,0.91215047,1.197038,1.5258563,1.6774093,1.4938024,1.3328849,1.033417,0.70938029,0.50417612,0.12197655,-0.14469165,-0.70622151,-0.97195913,-1.092812,-1.2048382,-1.1141657,-1.0873249,-1.2853534,-1.2481586,-1.2101424,-1.2784696,-1.2789237,-1.3769847,-1.2328171,-1.189943,-1.3444164,-1.2390104,-1.1742654,-0.69966643,-0.032476949,0.022846766,0.18893657,0.48093188,0.62925026,0.57729083,0.66552725,1.0359968,1.4922866,-1.9050734,1,0,0,1
1.10779,-2.5699906,-1.5598168,-2.2616833,-1.9304834,-2.0806005,-1.9016556,-1.5872571,-1.5188555,-1.1918941,-1.1367784,-0.61155102,-0.40433561,-0.72173826,-0.81611438,-0.82193638,-0.54894562,-0.54879996,-0.93885057,-1.1061839,-0.57040011,-0.79176782,-0.71582607,-0.73044655,-0.85112951,-0.54066703,-0.74148782,-0.60897362,-0.72495823,-0.80462107,-0.83773708,-0.95867886,-0.49503671,-0.61777602,-0.58170613,-0.75243189,-0.45660092,-0.58054459,-0.6517327,-0.32441964,-0.6318636,-0.44196148,-0.39555849,-0.44051561,-0.50135213,-0.39262283,-0.33058897,-0.54754976,-0.26767928,-0.35592061,-0.23044596,-0.40624307,-0.54493037,-0.37451683,-0.42346723,-0.43758205,-0.54338526,-0.42388235,-0.44877822,-0.53132064,-0.344049,-0.19785723,-0.33567805,-0.34883135,-0.48506443,-0.45679164,-0.13422571,-0.29566405,-0.41315295,-0.14825704,-0.32638532,-0.32903598,-0.19930201,-0.18680632,-0.11648966,0.091800329,-0.033564038,0.070423513,0.071296902,-0.015061628,-0.12010914,0.14881259,-0.016253402,0.098490423,0.042027125,0.099711077,0.3135894,0.042875305,-0.058341162,0.17924193,0.014194598,0.10119305,0.13450817,0.12157108,0.56867643,0.74929015,1.1571777,1.4338162,1.6036511,1.9068256,2.2100507,2.7041052,2.7161453,2.9401538,2.4363857,2.309466,2.1295884,1.7885376,1.3205477,1.1416898,0.83991083,0.64313779,0.37703139,0.098100344,0.29246262,0.41685973,0.37976161,0.058563007,0.10438431,0.17051641,-0.017928631,0.06726482,0.3431414,0.1866236,0.38255517,0.3636142,0.32590328,0.608731,0.67525487,1.3674861,2.0917983,2.0098801,2.088132,1.3810007,0.73765544,0.27356344,0.52118209,0.13812881,1.6723575,0.47479309,1,0,0,1
-0.31050737,-2.4289354,-3.3383351,-3.5861127,-3.4944484,-3.0871275,-2.2598814,-1.8896999,-1.5108985,-0.92322965,-0.6999438,-0.70217097,-0.65461613,-0.70815607,-0.76138136,-0.63765926,-0.70019969,-0.76060022,-0.65128072,-0.63683089,-0.74444826,-0.69948897,-0.65858418,-0.63613986,-0.60859798,-0.67729206,-0.69070569,-0.63855056,-0.59423673,-0.51802237,-0.4567601,-0.34162437,-0.05314214,0.76573374,1.1162219,0.079329407,-0.36411375,-0.15599446,0.051210932,-0.3497843,-0.56574131,-0.84551422,-1.4679284,-1.4237819,-1.1629072,-1.0206115,-0.68797963,-0.38062031,-0.25797646,-0.2339986,-0.30107789,-0.41341856,-0.42052032,-0.40384963,-0.28826465,-0.39939275,-0.52769618,-0.3801491,-0.33277277,-0.2803359,-0.34645974,-0.32945745,-0.31547629,-0.33346882,-0.42556357,-0.33437831,-0.27211659,-0.2312912,-0.17768725,-0.24882233,-0.17439282,-0.090022855,-0.0087179968,0.019406192,0.005781103,0.1029215,0.22231193,0.31958275,0.41634151,0.36649462,0.38793125,0.46717173,0.47304567,0.53290618,0.59425173,0.56336261,0.66669884,0.70456929,0.62235248,0.6535304,0.793923,0.81483247,0.65729084,0.62498551,0.65131121,0.68122815,0.70365941,0.76830131,0.88234949,0.9870647,1.1715176,1.4829224,1.6678343,1.8568805,1.8309225,1.781587,1.7755983,1.7090997,1.5575735,1.4675402,1.2235412,0.91655123,0.68995596,0.61263621,0.62215519,0.62504016,0.60557175,0.58938584,0.43331717,0.47333146,0.47916233,0.56827646,0.65287208,0.57085716,0.61535494,0.61647423,0.58667828,0.6425176,0.83570066,1.0884391,1.4550949,1.3680312,1.1825165,0.84574744,0.50186857,0.24525277,0.083614075,0.063492407,0.52669864,0.29418,1,0,0,1
0.85877977,0.23055218,-0.92975542,-1.4650986,-1.2916441,-0.82157604,-0.26978089,-0.13644272,0.079594862,0.34775807,0.39655423,0.35693512,0.35341289,0.38951861,0.33749678,0.34584061,0.35840548,0.36269738,0.32643631,0.35460586,0.32765773,0.32722581,0.31863719,0.29674405,0.28199938,0.23206378,0.22806732,0.20553509,0.18763811,0.13896206,0.12417575,0.066419512,0.072708121,0.044751419,-0.0063869007,-0.031743041,-0.016389203,0.016894208,0.036302216,0.064980863,0.10310849,0.19109657,0.24589906,0.3227648,0.37797357,0.41342742,0.40687953,0.47268379,0.49574383,0.5518664,0.50390804,0.55249445,0.57171255,0.54711495,0.57100117,0.55251828,0.55834569,0.57793982,0.56841993,0.55354595,0.58304652,0.59222785,0.6070222,0.63857224,0.64483247,0.67232332,0.69028416,0.69977497,0.71361558,0.69594711,0.71463459,0.75602126,0.78996754,0.79529381,0.74812088,0.73649105,0.76304081,0.75339064,0.74215026,0.71654098,0.70407381,0.69507615,0.69504905,0.65817531,0.67171356,0.66336034,0.61570056,0.63976636,0.6183283,0.61321825,0.60474684,0.59373325,0.55776416,0.56765224,0.58324977,0.62660999,0.70255015,0.73712814,0.81764783,0.88772029,0.94039094,0.98940093,1.0999489,1.1787607,1.1360854,1.0660185,0.97544597,0.87007104,0.78414412,0.62069233,0.47973281,0.30542035,0.16908068,-0.41783219,-1.3970402,-1.6709261,-1.8467775,-1.9596385,-2.0010604,-2.0784015,-2.1169919,-2.1273498,-2.1757132,-2.2002798,-2.2282048,-2.2539654,-2.2899998,-2.2570939,-2.1689449,-1.993035,-1.773848,-1.8970357,-1.8112287,-1.633664,-1.5153592,-1.6050851,-1.6686827,-1.6066535,-1.4279965,-2.0379249,1,0,0,1
0.12489465,-0.57619742,-0.89691032,-1.8949538,-2.3871863,-3.103675,-3.4711909,-3.2954074,-2.9287267,-2.3990995,-1.8005105,-1.281122,-1.0528662,-1.0791814,-0.94544115,-0.60400947,-0.28438624,-0.075110841,-0.045447664,-0.048779607,-0.061672666,-0.082693844,-0.028954505,-0.013925617,-0.0027448572,0.069988715,0.048491888,-0.022232103,0.018095582,0.019638345,-0.045839377,0.021004391,0.044173118,-0.042147297,-0.037706112,-0.015332796,-0.0056411048,0.00035660563,-0.045173085,-0.051700172,-0.045771901,-0.076541118,-0.017861649,0.057239512,0.02883618,-0.015300333,-0.068926956,-0.11320075,-0.075749133,-0.049994738,-0.071360839,-0.070381626,-0.068183814,-0.064097908,-0.081316392,-0.13170554,-0.14210302,-0.13619021,-0.15658681,-0.14241488,-0.11370631,-0.10431479,-0.10523243,-0.087784396,-0.020729845,-0.03110993,-0.014222345,0.07377794,0.058159969,0.093487971,0.16621859,0.18750836,0.19976227,0.24561493,0.35772938,0.39012715,0.41656131,0.45295506,0.46774463,0.53067187,0.52560565,0.54365757,0.61250121,0.57914044,0.62329032,0.74471795,0.70972351,0.73360743,0.81953486,0.75505818,0.72739119,0.7779138,0.77544325,0.73297033,0.76781668,0.82031111,0.844785,0.91179577,0.86832824,0.85075463,0.89016628,0.82179366,0.83721162,0.90245096,0.97122143,1.0462919,0.96937589,0.918797,1.015249,1.0279144,1.0324933,1.0982796,1.1038861,1.1227814,1.0674685,0.90668809,0.82623302,0.84310773,0.90284034,0.95067459,0.9139041,0.89313635,0.8826218,0.79825571,0.79058715,0.90005597,0.99409876,0.93363192,0.67256124,0.268887,-0.22420914,-0.80600979,-1.3533707,-2.0703462,-2.6884233,-3.0011194,-2.7614591,-1.6027281,-1.2661387,0.30450779,2,1,0,1
-1.1968931,-3.5119591,-4.8104381,-4.9741853,-4.1957787,-3.1863102,-1.8034791,-0.76260667,0.075270363,0.88454946,1.3292911,1.4142383,1.1926147,1.07325,0.93455734,0.65991105,0.59719915,0.60338129,0.66618022,0.78044561,0.82402448,0.8727768,0.91808684,0.94369352,0.97078931,0.9546051,0.96578184,0.99664011,0.94670222,0.94661881,0.92176764,0.8437743,0.75597528,0.65264577,0.58362175,0.40474268,0.30533094,0.19724205,0.10487524,0.084780429,0.009654394,-0.1277672,-0.037355618,0.014713541,-0.042963472,0.0042044552,0.059982219,0.032847204,0.13383658,0.088031458,0.1486881,0.17607196,0.11737254,0.16269176,0.10958005,0.087224087,0.087771705,0.046043981,-0.071718507,-0.12711655,-0.11590615,-0.11572719,-0.21967573,-0.21395867,-0.20820174,-0.23046023,-0.22024325,-0.26709953,-0.22298222,-0.21301368,-0.25797055,-0.26973547,-0.29790284,-0.30680844,-0.24715849,-0.23599568,-0.25763387,-0.2824312,-0.19167652,-0.26981177,-0.26732896,-0.20746414,-0.20458427,-0.27738445,-0.20211575,-0.28019277,-0.28427904,-0.19637878,-0.25968388,-0.20848668,-0.20005304,-0.27777767,-0.24150417,-0.14859935,-0.2221993,-0.20611898,-0.15362725,-0.1993251,-0.24009849,-0.20939746,-0.20596525,-0.16108206,-0.14881139,-0.16233862,-0.14950615,-0.2196721,-0.11442941,0.021400965,0.19238439,0.48527805,0.57532652,0.7614916,1.1236981,1.4088988,1.3270055,1.1715493,0.95123073,0.69961607,0.38583013,-0.013224825,-0.43069461,-0.59098803,-0.58092894,-0.66326543,-0.5983714,-0.55251232,-0.6154173,-0.59918834,-0.59348891,-0.59714489,-0.43593435,-0.18069983,0.4705405,0.79485317,1.1484457,1.4848931,1.3021011,0.6514923,1.2902891,-0.3371743,1,0,0,1
1.7680903,0.7049704,-0.19913997,-0.75230342,-0.68554041,-0.5568755,-0.23532047,0.20353279,0.99551229,1.3214063,1.6132075,1.8479438,1.9378728,1.9914684,1.9605186,1.8996995,1.9285576,1.933019,1.913535,1.8938043,1.8372322,1.7570262,1.7997971,1.8259865,1.8782644,1.8330659,1.6848606,1.7344744,1.8668972,1.8702576,1.862162,1.847456,1.4535138,0.97047879,1.0767533,0.92008965,0.55429409,0.12381057,-0.24579764,-0.37020363,-0.47917104,-0.42129213,-0.26005515,-0.38441097,-0.60556563,-0.61432515,-0.40652144,-0.35273441,-0.48251338,-0.39719411,-0.44481419,-0.43136572,-0.22891346,-0.26073716,-0.65269917,-0.82494282,-0.60050601,-0.31139553,-0.46142416,-0.60098824,-0.66956723,-0.60265157,-0.57329816,-0.26535307,-0.21969167,-0.50112313,-0.55979718,-0.60818565,-0.7091823,-0.75581696,-0.60407497,-0.40568405,-0.30195332,-0.15201465,-0.48419151,-0.89834543,-0.81839777,-0.56917543,-0.35237429,-0.3271905,-0.45959183,-0.4467051,-0.39851899,-0.28028353,-0.25708338,-0.33815718,-0.19849766,-0.14379217,-0.41720067,-0.46685401,-0.10370511,0.19407587,-0.22249376,-0.62896563,-0.21609942,0.32457079,0.13110695,-0.008551984,0.41557843,0.76373144,0.89993618,0.78275477,0.48093126,0.31971937,0.41716893,0.49963878,0.20298785,-0.24526349,-0.19002256,-0.27824082,-0.7328617,-0.96201951,-0.85437855,-0.65997098,-0.49427744,-0.70264196,-1.2055974,-1.1532397,-0.96233479,-1.0348166,-1.0928688,-0.96136075,-0.80730629,-1.209921,-1.3260686,-1.1048007,-1.0479921,-0.84733827,-0.35119032,0.17304401,0.057357345,-0.21582678,-0.53149881,-0.95109967,-1.2201544,-1.3971346,-1.503637,-1.3950576,-1.3335885,-2.468331,1,0,0,1
3.4504552,-1.5358204,-4.133452,-2.6351112,-2.015424,-2.034276,-2.639017,-2.5057157,-1.4918469,-0.05822673,1.2620347,1.215997,0.42271773,0.62002966,1.4206505,2.1257583,2.5667622,1.8703367,0.24956264,-0.20311701,0.42147093,1.3196358,0.77872828,-0.58208373,-0.35531477,0.5678315,0.4832228,0.36972351,0.4983961,0.83262373,0.24065395,-0.35035456,-0.37853922,0.10616819,0.64327319,1.0278442,0.3622828,-0.97558678,-1.5286986,-1.6558716,-1.0792609,-0.50172322,-0.33076541,-0.54971614,-0.78421174,-0.79875336,-0.54018488,-0.33558888,-0.38724193,-0.37666889,-0.18208477,-0.11123803,0.06573856,0.13984123,-0.059362547,-0.29103523,-0.078198535,0.31398335,0.57926913,0.8012976,0.56785091,-0.62569723,-0.60688079,-0.024161021,0.034031837,-0.023848246,-0.53830336,-0.56724671,-0.22928575,-0.12320785,-0.15451482,-0.020798589,0.063514981,-0.17682288,-0.079320868,0.11965093,0.35598542,-0.084892207,-0.098424669,-0.026855936,-0.098224659,0.23114413,0.61370279,0.44387095,0.29155815,-0.022242222,-0.25597377,-0.13981839,0.098238279,0.0022400889,-0.22569295,-0.0068253613,0.091776863,0.45606675,0.34934531,0.40813449,0.77768514,0.99324398,1.1680156,1.1261398,1.4590086,1.8706709,1.603918,1.435885,1.3382252,1.1748787,1.1651567,0.79085103,0.66959724,0.47770533,0.064540755,-0.0861295,0.1257761,0.22748881,-0.16305452,-0.49763624,-0.78357034,-0.96874203,-1.2641848,-1.1513158,-1.0381153,-1.0010363,-0.88182735,-0.84857062,-0.93759375,-0.90873881,-0.87957134,-0.67513645,-0.088631053,0.82934971,0.90177979,0.16328437,0.48722302,0.80405543,0.43085233,-0.21435435,-0.74524671,-0.65787519,0.61114759,-0.17502092,1,0,0,1
-0.10013184,-2.6431274,-4.1442835,-4.8067075,-3.7903096,-2.3285471,-1.1757259,-1.0855697,-0.54614641,0.30586249,0.19603583,0.072864078,0.050319262,0.202046,0.49132927,0.52539878,0.39939536,0.46377424,0.49931125,0.17591332,-0.0058481289,0.15873274,0.30214937,-0.055694038,-0.17643519,-0.077115447,-0.23885321,-0.17574837,-0.16922548,-0.17913147,-0.3040782,-0.5151668,-0.1438047,-0.41071314,-0.50385741,-0.52062203,-0.4791103,-0.35327764,-0.55732539,-0.53133917,-0.49702703,-0.20909137,-0.24823421,-0.11756095,-0.033469481,-0.056275215,0.18039206,0.34458517,0.47091934,0.48537203,0.40104197,0.26813264,0.51789565,0.39959238,0.25850155,0.66259344,0.80475685,0.78441683,0.71396549,0.64780109,0.54011048,0.39241898,0.5529659,0.97075612,1.1006878,0.90389237,0.32523962,0.5465573,0.88196594,0.97319149,0.81442538,0.73994061,0.92917225,1.0814787,0.99045198,0.63892064,0.82282968,0.71587991,0.97484802,0.97828498,0.60560695,0.91976073,0.88858471,0.69521091,0.74198605,0.58971691,0.28470017,0.020028848,-0.10979596,-0.0096427245,-0.28510737,-0.46445229,-0.13585749,-0.13537145,-0.13398793,-0.27368609,-0.39866087,0.0095173862,0.38524453,0.58633093,0.81311955,1.3813534,1.4049163,1.5398044,1.8810047,1.5991744,1.6658891,1.3228743,0.91248755,0.68636215,0.30908801,0.27799536,-0.45759445,-1.3675586,-1.2232618,-0.72955201,-0.91825915,-1.3765063,-1.2859406,-1.0953547,-1.2318141,-1.2791247,-1.0608675,-1.0881165,-1.1354667,-1.2149299,-0.94889563,-0.98459883,-0.98629566,-0.44563178,0.67775548,0.855034,0.20496867,-0.10119674,0.0029986118,-0.41680172,-0.52907638,-0.14256201,1.1003159,0.12657471,1,0,0,1
3.0035217,2.1090443,-0.68572971,-3.5168549,-4.0454012,-2.9228779,-1.5212766,-0.65273431,-0.6137516,0.39570006,0.90490587,0.77352441,0.91898928,0.83766403,0.7269954,0.6566305,0.6464144,0.58751912,0.51394588,0.65933292,0.5243052,0.37653734,0.43173611,0.36896862,0.3317286,0.16993418,0.1872182,-0.006935709,0.05544523,-0.26398295,-0.32553063,-0.34212487,-0.46118253,-0.50917132,-0.59999519,-0.55925458,-0.67402968,-0.61004028,-0.55968039,-0.50103679,-0.36503137,-0.26783784,-0.078776282,-0.037370294,0.16246092,0.31547962,0.38782689,0.50859278,0.58697123,0.61527994,0.6607588,0.59776199,0.57270053,0.57404702,0.71626398,0.7196671,0.5517121,0.56061941,0.62418239,0.51220239,0.55076654,0.62376947,0.52997492,0.52609832,0.53761121,0.55545847,0.5583925,0.62747194,0.61399621,0.63406103,0.64702466,0.57097424,0.62224487,0.60820989,0.61455314,0.57144062,0.59718586,0.49797731,0.42432285,0.38426464,0.34914596,0.42330922,0.2472287,0.26762806,0.14913681,0.11449379,0.12601296,0.064841322,0.10570044,-0.0087367754,0.018004411,-0.029133056,-0.050046746,-0.13310021,-0.1497013,0.037487194,0.15879627,0.3205908,0.44879844,0.61994082,0.92855843,1.1749868,1.463835,1.5592058,1.3910505,1.4520514,1.0637404,0.88776223,0.42421059,0.12729818,-0.32833814,-0.89655424,-1.0977655,-1.311229,-1.4531575,-1.5020284,-1.4674685,-1.4854469,-1.5856292,-1.5641274,-1.6200887,-1.6924032,-1.7996161,-1.7352086,-1.7393959,-1.7098742,-1.723668,-1.6768085,-1.5145483,-0.79877055,-0.5380371,-0.86899652,-0.51592197,-0.063055842,0.38279487,0.20747439,0.57098502,1.0376488,1.1003019,-1.1859434,1,0,0,1
-0.80799644,-2.2315003,-4.3473576,-5.1145679,-4.5352361,-3.7065527,-2.3999401,-1.8292205,-0.88927944,-0.10216918,0.088649401,-0.17554916,-0.24424591,-0.062865289,0.4147261,0.82191711,1.2573371,1.2648918,1.1289765,1.1549307,1.1619395,1.2722595,1.3308987,1.3159946,1.3711359,1.411702,1.3973566,1.3276451,1.1916822,1.1023862,1.0074939,0.92890447,0.76467187,0.62548775,0.46390337,0.32622056,0.33727822,0.30109032,0.35889086,0.33225672,0.39824357,0.39838624,0.46971909,0.53848562,0.4953403,0.52325243,0.53875011,0.55150913,0.5116598,0.45095723,0.39352402,0.41421435,0.35107372,0.3517219,0.29023188,0.24193655,0.20874803,0.17150369,0.17257644,0.14569452,0.048139062,0.065151375,0.030934339,0.12068171,0.053711325,0.12383158,0.016712102,0.013932321,-0.026447841,-0.066901591,-0.044556285,-0.13591085,-0.089699716,-0.12699987,-0.087678265,-0.090136849,-0.13502819,-0.15617382,-0.1805827,-0.11184566,-0.15520561,-0.14488542,-0.18088324,-0.15515564,-0.18264711,-0.11389506,-0.19866563,-0.14155192,-0.240132,-0.17668571,-0.15254746,-0.17605088,-0.1613908,-0.2442907,-0.1972897,-0.22309383,-0.20433017,-0.19217804,-0.24905788,-0.20397149,-0.32229539,-0.14599403,-0.16760952,-0.20699142,-0.19528247,-0.17376598,-0.21393666,-0.18550206,-0.18388776,-0.22130241,-0.15914987,-0.078858448,0.22873978,0.59765724,0.77053338,1.0053441,1.2723944,1.1371563,0.96504406,0.68213877,0.34299932,-0.06759457,-0.54591673,-0.60092467,-0.61778004,-0.67455429,-0.64659965,-0.61611873,-0.67183254,-0.60652686,-0.61274586,-0.55398,-0.4395365,0.13203577,0.72614088,0.3602992,0.23559937,-0.23512445,0.50760261,-0.97877306,1,0,0,1
0.15509644,-1.0901196,-2.0288161,-2.6707983,-2.7204324,-1.7886137,-0.68654389,-0.49001608,-0.11007692,0.34249986,0.3864923,0.40686174,0.41316582,0.49578001,0.44624351,0.36862048,0.45297866,0.4459969,0.42720182,0.32244585,0.35384874,0.36508525,0.38458658,0.34977133,0.31582366,0.3050764,0.29277939,0.14870904,0.07813777,0.19790214,0.27323573,0.17891616,0.09178906,0.070088953,0.14711563,0.10384027,-0.052836812,0.17454869,0.26161616,0.31688183,0.32399122,0.40883516,0.50255007,0.71991465,0.55341319,0.53387665,0.63123886,0.59841065,0.6090994,0.56008432,0.49437046,0.52855187,0.66382785,0.69334695,0.49551597,0.48578226,0.5899914,0.59208609,0.62678526,0.5936089,0.66543271,0.68834443,0.4263993,0.50355052,0.58572569,0.6752073,0.68085255,0.65827735,0.66004432,0.68969439,0.8793956,0.74629227,0.59370978,0.63705602,0.81239337,0.76285028,0.66333001,0.82439408,0.655425,0.41639741,0.30119663,0.44601848,0.35649248,0.48334903,0.40584127,0.23730444,0.20687926,0.1980437,0.29419744,0.46420886,0.77794051,0.88428363,0.55453594,0.89004347,1.0911987,1.2095398,1.3093849,1.1409879,1.1556521,0.97954497,0.9544352,0.74385741,0.3279159,0.10705802,-0.13574637,-0.43230849,-0.56146919,-0.67664417,-0.69764039,-0.78763369,-0.78464408,-0.79769976,-0.90355859,-0.78856335,-0.60250149,-0.67480119,-0.82450454,-0.7333915,-0.5535429,-0.65609032,-0.67618538,-0.047271683,0.26812386,0.058679642,0.060600429,-0.06026659,-0.46919215,-0.58821606,-0.048241283,-0.10534078,-1.0971013,-2.1013841,-2.8801081,-4.0644585,-4.3318441,-3.455974,-2.3367944,-1.8099577,-1.6878152,-1.4013586,5,1,0,1
-0.84262132,-1.7804525,-3.776014,-4.8967604,-4.3531674,-3.4536531,-2.2608817,-1.5557552,-0.88217635,-0.046323761,0.29039621,0.24811986,0.32711827,0.60387508,0.68378261,1.1062655,1.5065615,1.597245,1.3788378,1.3317529,1.3847907,1.3274887,1.4104898,1.4990321,1.4567956,1.5744084,1.4638679,1.4671201,1.3283478,1.2198277,1.1205117,0.93079822,0.78534162,0.70613996,0.52742745,0.45847566,0.46944368,0.31317439,0.30181615,0.29788408,0.25494747,0.31717312,0.3918849,0.42084346,0.48987513,0.52245789,0.42915551,0.37303162,0.39715727,0.40162474,0.39863789,0.31387608,0.2646468,0.19593605,0.16746721,0.19600602,0.10399114,0.031249698,-0.044258371,-0.087777355,-0.077797338,-0.058026508,-0.046461796,-0.11038092,-0.1889836,-0.21045654,-0.26967422,-0.25862088,-0.26978718,-0.22106017,-0.22591253,-0.29095095,-0.31014713,-0.31747305,-0.36682501,-0.39363479,-0.31782175,-0.27532016,-0.29676922,-0.26819043,-0.30660266,-0.34941932,-0.40362675,-0.41169819,-0.29954758,-0.36108786,-0.39675491,-0.30583183,-0.30763189,-0.30607896,-0.331866,-0.44040424,-0.36782398,-0.37839934,-0.33511025,-0.23097537,-0.28284843,-0.33087338,-0.35869923,-0.28817442,-0.30915404,-0.27965921,-0.3143669,-0.31233029,-0.26984289,-0.30123044,-0.28199367,-0.2856211,-0.29935657,-0.20905361,-0.14767941,0.081921318,0.3570355,0.47191573,0.81046504,1.0646133,1.0789663,0.95587047,0.69451912,0.38326183,0.087644864,-0.30285051,-0.66243883,-0.61047126,-0.68346621,-0.6745465,-0.74047214,-0.71577435,-0.72292665,-0.67268465,-0.60814113,-0.63592619,-0.34145621,0.48132006,1.0022678,1.4651907,1.6443617,0.39390527,0.29948867,-0.13081307,1,0,0,1
-0.74039382,-3.2032912,-3.8770419,-3.7777115,-3.0284218,-1.8301578,-0.61109399,-0.30431878,0.34500999,0.98089867,1.132874,1.2552914,1.064205,1.0490475,1.0344264,1.1365331,1.1930092,0.97597744,0.90789048,0.93437545,0.71535743,0.76645066,0.68709845,0.71414837,0.55298571,0.38319739,0.35171705,0.30175603,0.23306495,0.09847727,-0.020981504,-0.015034077,-0.055748188,-0.047051199,-0.014235468,-0.066482055,-0.095734666,-0.15293687,-0.1352422,-0.07739919,0.11919144,0.10768046,0.14736873,0.22331353,0.28645338,0.34884921,0.43649183,0.41921621,0.44581505,0.44891293,0.48293619,0.49222822,0.38091385,0.31044275,0.31927726,0.28151865,0.27221682,0.25375678,0.18095286,0.24387634,0.17726402,0.19011231,0.21620006,0.23516892,0.2344129,0.26613681,0.19131456,0.31336074,0.35062632,0.40063067,0.47104,0.47179779,0.62899157,0.50974032,0.48814811,0.49303619,0.49243293,0.48484654,0.43025091,0.31963949,0.33760256,0.29663848,0.15636566,0.21295171,0.013880184,0.012098048,0.0026736239,0.015045828,-0.048626674,-0.10121696,-0.12383388,-0.17148851,-0.26858869,-0.064558372,-0.24176621,0.0058679434,0.11961438,0.32384924,0.42183884,0.60839464,0.91877138,1.4831393,1.8149147,2.1459898,2.0795797,1.7116107,1.4676406,1.0577444,0.52672481,0.1484826,-0.4041086,-0.96545696,-1.2132769,-1.2614811,-1.4186483,-1.4870912,-1.4784328,-1.5982147,-1.5832872,-1.6010561,-1.5741398,-1.5470844,-1.6227035,-1.5084765,-1.576527,-1.5839641,-1.5659386,-1.4797408,-1.1007999,-0.58376396,-0.0083565904,0.084999367,0.30856647,0.62635599,0.48888559,-0.18851588,-0.34277793,-0.23754699,0.58063264,-1.3464694,1,0,0,1
0.88076811,0.51210261,0.53352474,-0.29721297,-0.61102021,-1.0336348,-1.2974898,-1.558545,-1.7895465,-1.8384033,-1.7513362,-1.3848578,-1.0195967,-0.75705441,-0.65353294,-0.60250552,-0.44697794,-0.20261854,0.099250196,0.18810501,0.21225297,0.28440742,0.21315796,0.18615703,0.18126379,0.22365011,0.31120228,0.24416752,0.22480227,0.31955154,0.34584079,0.34318858,0.31611098,0.24831648,0.26792324,0.28688271,0.25556248,0.2676566,0.28208243,0.25885168,0.22805257,0.27955161,0.29331284,0.22253844,0.26522984,0.31120133,0.22611537,0.15743005,0.19218235,0.24217644,0.22325073,0.1919869,0.23158108,0.26315091,0.20666834,0.15281414,0.1554742,0.18602378,0.21025056,0.18171091,0.10284459,0.062051053,0.098735438,0.10293862,0.066492595,0.068121407,0.073177367,0.069762514,0.078970469,0.1229692,0.1648901,0.13827733,0.1180584,0.1554134,0.1965499,0.18241309,0.17896385,0.23973821,0.21843463,0.19185218,0.28215622,0.33888948,0.35094289,0.40589691,0.45923646,0.45401532,0.4772377,0.56112588,0.5937758,0.59855203,0.62484905,0.67782671,0.7426558,0.74087962,0.72290634,0.77875958,0.80385901,0.78426923,0.78797676,0.7932503,0.87876636,0.88600965,0.82341221,0.87717768,0.85866554,0.86285737,0.91767725,0.9232038,0.94054552,0.89359546,0.91693965,1.0362474,1.0774684,1.0345101,0.95611358,0.90453398,0.84009493,0.69603015,0.58702605,0.62197634,0.65738726,0.5613245,0.45642972,0.27650835,0.036975957,-0.14795467,-0.4628261,-0.6859347,-0.77899711,-0.98841461,-1.2986315,-1.8503321,-2.3430202,-2.9921722,-3.3551825,-3.7841806,-4.315942,-3.4572616,-3.4099367,-0.92355569,2,1,1,1
-0.64960339,-1.2196688,-1.5275394,-1.5339866,-1.7140388,-1.8079964,-1.9098043,-2.0239439,-1.8846785,-1.5589859,-1.3114578,-1.1000489,-0.70834347,-0.35569572,-0.23387083,-0.24206847,-0.27418431,-0.41536065,-0.44202677,-0.52358964,-0.80385449,-0.89522255,-0.60150286,-0.38403426,-0.46096874,-0.30903884,-0.18861376,-0.27222944,-0.42206691,-0.73006312,-0.75971782,-0.38008602,-0.44047653,-0.69070907,-0.57602613,-0.24096804,0.15905832,0.26684469,0.18337079,0.13260509,0.080320193,-0.19111134,-0.5545526,-0.70909059,-0.75628256,-0.66962101,-0.55324032,-0.53477491,-0.4372406,-0.36061197,-0.52052835,-0.69267723,-0.41313457,-0.010279488,0.044047,-0.3453226,-0.5631654,-0.29322885,0.076077818,0.10815614,-0.22741442,-0.60895597,-0.73141014,-0.33271714,-0.068326592,-0.44094487,-0.57876951,-0.16324302,0.14071717,0.053700538,-0.12835237,0.17151937,0.31254179,-0.017280044,-0.03412074,-0.09439811,-0.24321971,-0.065711752,0.15096881,0.1241559,-0.068690206,-0.2185317,-0.29423661,-0.24892136,-0.040079813,0.031228024,-0.28749308,-0.71043284,-0.54937436,0.092800876,0.35818302,0.26620697,0.28356761,0.27064127,0.22254921,0.24667929,0.29048585,0.24898746,-0.036679346,-0.32225578,-0.33475386,-0.1434215,-0.13205962,-0.57765202,-0.5519112,0.3635118,0.96974751,0.76887655,0.38270052,0.080464273,-0.22419046,-0.63084542,-0.64471935,0.11083255,0.77975997,0.91271357,0.79911081,0.60355076,0.64497089,0.83103469,1.2146325,1.2820219,1.1296639,1.048947,0.9219003,0.86996796,0.77118837,0.84828119,0.73615064,0.91439853,1.50573,1.6048696,1.4903417,1.4259428,1.8092705,2.3522433,3.4325185,3.5794483,4.4259762,4.0222661,2,1,0,1
-0.40405266,-2.0267389,-3.2861929,-3.5367375,-3.3506949,-2.737319,-1.4782577,-0.40396803,-0.19056323,0.29023204,0.85304088,0.9711401,0.96826169,1.0240158,0.96471413,1.0105358,0.9140963,0.86270694,0.93638136,0.89537419,0.78782123,0.89828242,0.80786064,0.72906048,0.64802742,0.62105791,0.6336673,0.5355754,0.55524685,0.58701936,0.46174756,0.3730625,0.33795287,0.32429274,0.34213311,0.23272337,0.1738566,0.21702736,0.26968339,0.26258138,0.20398957,0.29095243,0.3414478,0.34426746,0.39630723,0.41556759,0.51564811,0.52027355,0.58464136,0.53278253,0.56149516,0.54795104,0.51366137,0.54553072,0.49209754,0.52148693,0.44101857,0.45737137,0.43634521,0.38004228,0.44444309,0.44211423,0.39800131,0.48754205,0.4749968,0.31970495,0.35296221,0.39065394,0.3690383,0.4581021,0.4349684,0.47940493,0.44940159,0.53259133,0.56829205,0.55415581,0.57684259,0.52059839,0.51897794,0.45332576,0.39690334,0.26620728,0.28342245,0.26547001,0.14197662,0.24452134,0.19884267,0.22775134,0.14473459,0.034294982,0.071962701,0.10885062,0.23937826,0.45523027,0.48576736,0.57166582,0.740836,0.8558437,1.1451485,1.30767,1.26956,1.1763176,1.1619474,0.91814955,0.79634216,0.61286872,0.2885726,-0.10854023,-0.38131219,-0.64983944,-1.062081,-1.1982018,-1.3374144,-1.1449208,-1.2370981,-1.3283811,-1.2406857,-1.2916092,-1.3585431,-1.3182408,-1.3834659,-1.4227111,-1.4501731,-1.439049,-1.3821549,-1.286771,-1.079982,-0.87170694,-0.35070618,-0.24302611,-0.30622359,-0.28009481,-0.35496448,-0.47728676,-0.65542702,-0.67136597,-0.39836817,-0.74124331,-1.9432837,-4.3590141,1,0,0,1
0.6329274,-0.27791989,-1.2002739,-2.1272567,-2.371369,-2.4340641,-2.5554937,-2.5961859,-2.6112146,-2.4302383,-2.0819901,-1.6651268,-1.2419456,-0.95956017,-0.78142461,-0.70659282,-0.64396375,-0.33385204,0.044036709,0.14293247,0.059735965,0.076185786,0.21088859,0.21426767,0.11198448,0.17853644,0.30658857,0.29833392,0.27804123,0.30207637,0.29831168,0.28114034,0.23383644,0.14173289,0.14556239,0.22309482,0.19714996,0.11817288,0.117015,0.18132001,0.24167408,0.2232913,0.17749417,0.18317647,0.1818905,0.14631403,0.15322208,0.18355156,0.17691631,0.15181285,0.09197702,0.029486465,0.081430669,0.14864201,0.06663094,-0.056412305,-0.068942018,-0.036633922,-0.052591847,-0.05615416,-0.017790047,-0.013106876,-0.0073183739,0.081158036,0.13587814,0.032721588,-0.11233889,-0.14063482,-0.078568858,-0.002780211,0.066968125,0.11776049,0.13738786,0.15306545,0.18291996,0.2152501,0.23998942,0.27497676,0.3343702,0.43992225,0.57324141,0.60631011,0.47605736,0.38469128,0.51642555,0.69666129,0.68877052,0.57993754,0.57044047,0.67119507,0.7612276,0.78645588,0.79753212,0.80881566,0.77974999,0.76619147,0.86517447,0.99112869,1.0016869,0.92754329,0.87656412,0.90912843,0.98960585,1.0084206,0.97340013,0.96469664,0.99200097,1.0287643,1.0481413,1.0795944,1.1579548,1.1837755,1.0819325,0.88317765,0.73905969,0.7573454,0.76324456,0.74507513,0.83342904,0.81395792,0.69683925,0.69271191,0.64052204,0.53715735,0.62047368,0.79337088,0.75910641,0.43695924,-0.0033279997,-0.47282891,-1.0442306,-1.6021177,-2.1199807,-2.6221086,-3.0632426,-3.3779512,-2.8819382,-1.8959842,-1.2572521,0.30330998,2,1,1,1
1.3367753,-1.0786026,-2.8861969,-3.812423,-3.4612675,-2.6901291,-1.5544906,-0.88826304,-0.27686383,0.6961997,1.0248927,1.1361392,1.1159312,1.0445407,0.95764337,0.95871313,0.85332475,0.81507107,0.88473006,0.9590656,0.77954743,0.9032704,0.95607496,0.95465978,0.47081386,0.23426539,0.18588062,0.10132369,0.10076037,-0.028727227,-0.087621144,-0.090621036,-0.22961701,-0.34125885,-0.44483821,-0.46112609,-0.51936501,-0.59224132,-0.57326812,-0.80968904,-0.74247134,-0.6980268,-0.69548864,-0.66404747,-0.5165513,-0.52736456,-0.65906051,-0.63458075,-0.64221236,-0.59519559,-0.52612136,-0.57626949,-0.69252982,-0.84452556,-0.73362318,-0.72404699,-0.6964585,-0.64879252,-0.84221075,-0.84623914,-0.78298986,-0.75253217,-0.76604317,-0.76868213,-0.74828881,-0.76029386,-0.71418967,-0.63381702,-0.72014696,-0.66310961,-0.54134357,-0.49120242,-0.4517922,-0.44465043,-0.43277243,-0.48044157,-0.43213202,-0.31086366,-0.41294411,-0.29999561,-0.42069454,-0.33325789,-0.37249463,-0.40415228,-0.3637842,-0.43400448,-0.41008547,-0.34639947,-0.37438871,-0.27299709,-0.31803651,-0.36188561,-0.26036036,-0.27221816,-0.17173371,-0.0044594969,0.2203603,0.48825909,0.65987032,0.85101282,1.0985921,1.3725282,1.6679317,1.6604365,1.6924251,1.5936884,1.4491051,1.2190424,1.026622,0.83873407,0.48499794,0.14051039,-0.082209842,-0.14665926,-0.13378689,-0.19531855,-0.19395588,-0.12646056,-0.14457583,-0.20189538,-0.18049596,-0.090241119,-0.056636125,0.092339931,0.079194136,0.075554539,0.16210923,0.26567441,0.72711103,1.4674115,1.5045606,1.5717171,1.9072909,1.9235323,1.824255,1.5835952,1.9028815,2.4202627,2.21646,-0.043844369,1,0,0,1
4.0581274,2.0878442,0.4231153,-2.0588691,-3.2376915,-4.5267529,-3.8361573,-1.9750063,-0.78335306,-0.38103834,0.89943175,1.5067459,1.1748641,1.2346958,1.1736633,1.2208137,1.2611729,1.2908708,1.2858577,1.1378515,0.90326781,0.96899861,0.89832916,0.72589558,0.75098858,0.65091167,0.50533326,0.39965642,0.22806365,0.37147076,0.05259877,0.016930755,-0.29166129,-0.17993871,-0.28575471,-0.52406259,-0.54779474,-0.56231929,-0.59153508,-0.79944254,-0.71204342,-0.64138635,-0.65578025,-0.51877396,-0.40917534,-0.41203873,-0.21307428,0.029181096,0.11180697,0.056617946,0.26037196,0.16303214,0.092609966,0.0079472141,0.068280563,0.21874927,0.32833516,0.36364284,0.21674527,0.18037912,0.20337981,0.040300362,0.27022074,0.15252781,0.2082961,0.32871803,0.10004339,0.34049918,0.27333933,0.39224732,0.37920467,0.4715419,0.42477109,0.4245013,0.59528928,0.47449468,0.62632946,0.50017107,0.49472156,0.42461325,0.50887024,0.4418146,0.36925967,0.28237625,0.27723809,0.26045847,-0.00047767913,-0.027998341,-0.2154715,0.049414319,0.0046144104,-0.20377006,-0.24665436,-0.34642498,-0.088971099,-0.42668836,-0.37817546,-0.22328332,-0.3404631,-0.46756212,-0.26919317,-0.26093301,-0.32823634,-0.26777948,-0.41086656,-0.010632832,0.469535,1.0310432,0.94631964,0.79969563,0.47050645,0.37471716,0.12258893,0.23883239,0.34120839,-0.11777447,-0.55829682,-1.1025884,-1.2562895,-1.1822768,-1.2107513,-0.97311758,-1.2009763,-1.2717045,-1.1749427,-1.0787344,-1.0606461,-1.279274,-1.185413,-0.99547326,-0.8901655,-0.10400893,1.5046435,1.3920341,1.3311414,1.1975315,1.0928611,-0.12932652,-1.0382589,-1.4898633,1,0,0,1
1.012499,0.6424519,0.26808953,-0.31981769,-0.58905289,-0.86510566,-1.2044062,-1.4321494,-1.5024986,-1.4097856,-1.1052633,-0.66421553,-0.40961148,-0.26481775,-0.14982324,-0.15835719,-0.032998796,0.29048435,0.54691188,0.66588781,0.66989332,0.6241037,0.64244617,0.62922626,0.5861086,0.65991989,0.69364326,0.62422686,0.60659212,0.58600582,0.54642363,0.58584815,0.6003965,0.56331158,0.58386348,0.59458373,0.57042806,0.57297364,0.58967117,0.62015207,0.62398306,0.55930225,0.53350215,0.5703947,0.54091216,0.48037788,0.48709021,0.48672728,0.43318409,0.38836342,0.366048,0.3629325,0.33635427,0.34534763,0.33502566,0.21403287,0.2758058,0.30828915,0.17811299,0.22330233,0.18920642,0.14396911,0.19860285,0.1095171,0.086970265,0.12269247,0.085400787,0.040039031,-0.021211812,-0.036617223,0.0037062908,0.035456863,-0.017013188,-0.066245163,-0.02790739,-0.03966309,0.0028544915,0.065051867,-0.014947878,0.0046818166,0.076786245,0.064714425,0.12328088,0.20611736,0.22722154,0.24657958,0.28108358,0.34249315,0.37171515,0.36268483,0.49104724,0.5127325,0.39966768,0.53373961,0.5986126,0.49554954,0.52220667,0.58088452,0.62738839,0.65551739,0.66702462,0.67851429,0.66253473,0.65893568,0.67362818,0.74342664,0.76899999,0.68920516,0.70245404,0.74687896,0.67619626,0.67903673,0.73946836,0.69911541,0.72953109,0.73910252,0.59118932,0.48450028,0.38608071,0.34353106,0.33408912,0.16029281,-0.076550429,-0.28665258,-0.41821755,-0.55347782,-0.80963715,-1.0116137,-1.1806088,-1.4756835,-1.7787511,-2.0664274,-2.511717,-3.0784797,-3.2990134,-3.7118646,-4.023064,-3.7236791,-3.9161307,-1.7340614,2,1,0,1
-6.0284206,-6.2808752,-3.9898275,-3.3618834,-2.5320203,-2.1404416,-1.7479337,-0.90006013,-0.24874649,-0.1191032,-0.067825359,0.014755159,0.062444243,0.065831807,0.13052587,0.14033791,0.17447265,0.24860724,0.28316377,0.31755662,0.3679776,0.36086975,0.41797527,0.42755467,0.53240157,0.55858154,0.60425546,0.6389436,0.66301998,0.74542559,0.76759372,0.89726525,0.88487109,0.89178463,0.93641828,0.93148698,0.94522608,0.89881651,0.8946584,0.80625388,0.67462781,0.60618919,0.48348316,0.39744239,0.26732402,0.14477224,0.11973874,0.02340647,-0.01538657,-0.11179563,-0.11219643,-0.16706602,-0.15830346,-0.17512858,-0.20655987,-0.14771556,-0.17496942,-0.13124691,-0.10500409,-0.099456517,-0.06546649,-0.027564589,-0.0099209713,-0.0023657232,0.076596098,0.098492622,0.13274847,0.16737065,0.19838024,0.1794949,0.17352432,0.24893536,0.24427399,0.254288,0.29369883,0.23767334,0.22324273,0.23165659,0.18618473,0.20183509,0.16735588,0.18462479,0.15538948,0.067121873,0.10293275,0.053193233,0.045677516,0.059209619,0.044685466,0.027759841,0.01612462,-0.0048437982,-0.0036502915,-0.014642498,-0.0040716812,0.0027890914,0.0043635361,0.016552825,0.07131808,0.19123999,0.28474086,0.38851497,0.41029812,0.532869,0.64216398,0.72931206,0.69882086,0.64749552,0.57666313,0.45742402,0.41687913,0.30573173,0.19984045,0.06776664,-0.096218645,-0.24328035,-0.28483185,-0.30044164,-0.31672898,-0.27582617,-0.28984084,-0.27076471,-0.27165724,-0.32266775,-0.31885939,-0.29934599,-0.30609332,-0.29725833,-0.307192,-0.21259432,-0.11998203,0.11002976,0.3522308,0.33714861,0.60100177,0.81192056,0.79984891,0.61417416,0.45731798,0.56108956,1,0,1,1
1.547441,0.47774176,0.32152457,0.32179512,0.56636601,0.95913462,1.4357075,1.4713823,1.68373,1.8986267,1.8392824,1.8154591,1.7954294,1.7451722,1.7149121,1.6682263,1.6171501,1.6054815,1.5484059,1.4696839,1.4604132,1.3943452,1.3400639,1.295702,1.2470359,1.1789231,1.1391545,1.1005915,1.0766364,1.0252116,0.92928489,0.8947303,0.85730714,0.81338549,0.74096573,0.66866437,0.70005226,0.69343684,0.65616532,0.60914535,0.62606965,0.59372241,0.63415516,0.64291552,0.58804867,0.58405713,0.57118639,0.58896355,0.55338463,0.50968577,0.46973339,0.42812852,0.40678415,0.36920224,0.34437273,0.31397284,0.2903738,0.2718468,0.22840634,0.21468136,0.1864449,0.17761508,0.22175287,0.12005153,0.1041056,0.12801944,0.10919939,0.074740073,0.063876164,0.025347699,0.0014557428,-0.031341576,-0.015179393,-0.02579417,-0.032050221,-0.090569203,-0.13703855,-0.12951935,-0.20007478,-0.28639232,-0.29539468,-0.27779544,-0.33197498,-0.38569212,-0.36691344,-0.43396651,-0.47609966,-0.48127315,-0.47990297,-0.56468522,-0.59258743,-0.59334496,-0.59556304,-0.64803901,-0.66535087,-0.6503481,-0.51430234,-0.53813329,-0.46493417,-0.41122926,-0.40144494,-0.31814742,-0.28722537,-0.28233767,-0.33421436,-0.35582189,-0.43253287,-0.52171841,-0.6574663,-0.78949941,-0.94701929,-1.0676286,-1.2563664,-1.3401338,-1.3681914,-1.3808297,-1.4065783,-1.474334,-1.422655,-1.4946283,-1.506843,-1.4878731,-1.529711,-1.4988102,-1.5370534,-1.5583886,-1.5677383,-1.6019054,-1.558478,-1.4817329,-1.2718858,-1.1912521,-1.1691633,-1.1677816,-1.2438556,-1.2929595,-1.3853755,-1.6556182,-1.3684596,-2.4370183,1,0,0,1
-0.30084946,-2.1800932,-3.1990701,-3.5223222,-3.3914193,-3.3398021,-2.410555,-1.7628319,-1.4222052,-1.2432395,-0.86029028,-0.86311509,-0.67762208,-0.076715327,-0.02571055,-0.91748089,-1.0794065,-0.64989073,-0.33750125,-0.66412717,-0.8367298,-0.46760262,-0.19303913,-0.94054657,-0.70202988,-0.097517497,-1.0766219,-1.4858344,-1.0987283,-0.94805463,-1.1929381,-1.0533968,-0.91808667,-0.91489672,-0.72106769,-0.6915855,-0.61227598,-0.54115233,-0.50711225,-0.45431554,-0.36539614,-0.045119042,0.11545928,0.074315975,-0.054992953,0.0064366355,0.83578242,0.52647591,0.094427329,0.52782955,0.5946008,1.0275596,0.71207842,0.40444284,0.77058185,0.69230983,-0.042117676,0.16917275,0.78003322,1.126614,0.95874423,0.41817114,0.68242169,1.2066564,0.49882717,0.54274956,1.0189454,0.61038881,0.65526857,0.97046912,1.0578109,0.77411277,0.9262583,1.2650549,0.49306895,0.84362112,0.83978775,0.075880445,0.33009333,0.22822821,-0.28784658,-0.37198298,0.021878503,0.26419143,0.29980302,-0.21597226,-0.60372099,-0.33586999,0.045190629,0.048998367,-0.23134139,-0.43585537,-0.10996741,0.23915737,0.13218634,-0.22905679,-0.04490372,0.40821136,0.37265632,0.20008299,0.82500784,1.4159075,0.9802262,0.90842349,1.1542889,0.66571018,0.53979243,0.64494406,0.45923796,0.27898588,-0.015449274,-0.50947827,-0.66264294,-0.22594161,-0.40779985,-0.84977043,-0.51612147,-0.01507175,-0.042614034,0.1387193,0.25629272,-0.19220229,0.042934723,0.31578385,0.14651208,0.50625828,0.70541344,0.19343424,0.73125751,1.8616453,1.4800039,1.0931269,2.0495203,2.4435011,1.3670999,0.96307364,1.0053799,1.4886885,1.7425901,-0.10178042,1,0,0,1
4.9664142,3.3511363,0.7989476,-0.49068275,-1.687233,-1.9041027,-0.67408344,0.15200351,0.25706222,1.2568918,1.6367886,1.5647652,1.6279609,1.6026766,1.4858976,1.3560224,1.3872184,1.3758372,1.2667592,1.1290775,1.1883768,1.1194515,0.89245814,0.83860182,0.78381528,0.68278168,0.65563434,0.66464384,0.48437933,0.36990002,0.19095165,0.086331739,0.12155049,0.033626888,-0.091407279,-0.035837421,-0.27036489,-0.35306197,-0.29347259,-0.27909586,-0.18206198,-0.05327713,0.021896276,0.027994232,0.060292058,0.14673246,0.27354593,0.28997886,0.29309286,0.41278978,0.34881956,0.31224541,0.38505129,0.24731098,0.35375354,0.35603061,0.26154425,0.27827082,0.27285119,0.17720636,0.26129814,0.20580143,0.13652298,0.25962991,0.18204682,0.2026921,0.21104146,0.15536221,0.19920537,0.1732771,0.19412741,0.23492516,0.11949256,0.13116527,0.16174632,0.029107722,0.10117499,0.17656151,0.017433165,-0.057572119,-0.021410875,-0.079983295,-0.13573346,-0.19220916,-0.24613039,-0.18662873,-0.22476572,-0.26509728,-0.4197767,-0.58678131,-0.40700811,-0.44442406,-0.51323461,-0.52210776,-0.54126755,-0.65050535,-0.6936606,-0.75601389,-0.76269865,-0.630689,-0.47536453,-0.20319269,0.022005285,0.30933035,0.36279697,0.50242868,1.0760793,1.1625681,1.2000333,0.95999286,0.65280151,0.52428072,0.20485851,-0.26537417,-0.8200146,-1.4007,-1.5693056,-1.6627996,-1.823595,-1.6685557,-1.6203364,-1.7636373,-1.7193352,-1.7174169,-1.7486898,-1.887436,-1.8342613,-1.8017254,-1.7843817,-1.8537283,-1.6931707,-1.5849772,-0.96367702,-0.7740173,-0.30036192,0.10094948,0.19885182,-0.090625241,-0.41672384,-0.18117474,1,0,0,1
1.5651937,0.1651128,-0.49142371,-0.93947563,-0.87875698,-0.46502805,0.37276514,0.92824868,1.0662234,1.4537034,1.7037507,1.5940379,1.6606536,1.6087321,1.5910259,1.5757803,1.4801459,1.5275201,1.4878949,1.3874784,1.2926135,1.3402708,1.2708424,1.235074,1.1470794,1.1269894,1.081278,1.0213482,1.0370477,0.80684082,0.81606667,0.79065442,0.68742558,0.6708328,0.60293609,0.6117895,0.54593811,0.47458649,0.49282108,0.54294485,0.59580105,0.53897004,0.65257639,0.64636049,0.71602506,0.67962308,0.71217442,0.76500919,0.71237308,0.73103369,0.68423335,0.70746739,0.65590967,0.6477354,0.58808425,0.56395432,0.56766623,0.53633955,0.4704614,0.47674234,0.42236614,0.40943353,0.39812177,0.33716223,0.28653251,0.31732706,0.29077451,0.26569592,0.2765237,0.18670662,0.23387844,0.26341744,0.17299871,0.22448763,0.1828619,0.17477464,0.11451239,0.088215976,0.1266675,0.049994143,-0.0016161411,0.035654614,-0.065562146,-0.10100053,-0.11151088,-0.19739333,-0.23324681,-0.28824531,-0.32465827,-0.40770901,-0.3828516,-0.43450366,-0.47443932,-0.46588707,-0.3826841,-0.31399084,-0.25073133,-0.22513844,-0.14778284,-0.061515851,-0.022283283,0.047471137,0.096305511,0.031618071,-0.017214231,-0.10049669,-0.25435407,-0.40184277,-0.50296253,-0.68801115,-0.97500632,-1.1529351,-1.3564282,-1.4786368,-1.4976925,-1.5267668,-1.5168948,-1.5629729,-1.5885562,-1.6493887,-1.6462957,-1.6800677,-1.6854448,-1.6806827,-1.7368711,-1.7898634,-1.8443346,-1.7805655,-1.640583,-1.3665634,-1.2168072,-1.2606475,-1.263166,-1.3800992,-1.4337655,-1.6086952,-1.4495852,-1.4987783,-1.5273615,-3.0179168,1,0,0,1
-1.9888709,-1.2262842,-2.2021882,-4.480106,-4.8658327,-4.4655788,-3.5395842,-2.3904665,-1.5783792,-1.1606634,-0.34259134,0.22909365,0.38589145,0.47000923,0.77825838,0.87079238,1.2693902,1.5229965,1.4113581,1.2530501,1.0065475,1.0633401,1.0028584,1.0213354,1.0593844,0.98271944,1.0134004,1.0768572,1.049201,0.97205887,0.91214667,0.90979255,0.79614112,0.65559008,0.65771149,0.45410837,0.42070649,0.35015394,0.33545636,0.35072976,0.32425385,0.31917953,0.282215,0.35309558,0.29336576,0.36459812,0.3719096,0.41390156,0.39874511,0.36026189,0.32556948,0.30016508,0.29906518,0.28931113,0.23053879,0.18741238,0.066949502,0.098111142,0.11228141,0.10861578,0.056616438,0.044437779,0.01455548,0.010737089,0.003476855,-0.020886381,0.0209014,-0.073657916,-0.12313838,-0.12270346,-0.14043931,-0.15394191,-0.12156886,-0.14899084,-0.13089766,-0.15428847,-0.071483876,-0.16915066,-0.16416207,-0.12539566,-0.20677826,-0.2080877,-0.17291371,-0.1979138,-0.27815328,-0.20172147,-0.27891234,-0.18928435,-0.23488706,-0.26529807,-0.19177959,-0.21752502,-0.20485882,-0.18632698,-0.21114289,-0.22520949,-0.19426873,-0.17487277,-0.20107796,-0.19793149,-0.15523148,-0.17134123,-0.20279444,-0.1267984,-0.1344784,-0.085978334,-0.071741514,-0.18993244,-0.13541249,-0.11616936,0.22239087,0.41972122,0.49291176,0.80729169,1.1034705,1.3884487,1.3355847,1.223846,0.98175086,0.68004464,0.38505492,-0.13853709,-0.57574712,-0.68813123,-0.71379291,-0.7220837,-0.66913308,-0.69964955,-0.64098261,-0.65204213,-0.65510559,-0.6199331,-0.30405858,0.26174729,0.58232524,0.77411985,0.77779804,0.083364553,0.55129725,0.66675086,1,0,0,1
0.17418264,0.35565427,0.10468453,-0.43093903,-0.86200474,-1.0502738,-1.3020857,-1.476152,-1.4542863,-1.2015848,-0.92774291,-0.71055344,-0.63062977,-0.54881342,-0.23869065,-0.059131088,-0.046269918,-0.065944618,-0.062670383,-0.062894962,-0.067076327,-0.030524213,-0.076121891,-0.086695272,-0.095782,-0.096647226,-0.1013149,-0.10538663,-0.10786254,-0.14629444,-0.12343607,-0.13356051,-0.12825742,-0.13877639,-0.18137538,-0.21745141,-0.20109709,-0.15692066,-0.23631795,-0.24043184,-0.22894268,-0.25010708,-0.23637401,-0.32666869,-0.29813716,-0.30419337,-0.31466277,-0.33819769,-0.3675879,-0.39795486,-0.37644147,-0.38739658,-0.39771935,-0.38988046,-0.40422149,-0.35078182,-0.37150159,-0.3847107,-0.29845418,-0.33285178,-0.32439692,-0.31121329,-0.23565297,-0.21882759,-0.23301739,-0.21715502,-0.17612118,-0.14231473,-0.12537351,-0.090207649,-0.041755739,-0.062641941,-0.062207171,-0.0093573521,-0.0065968252,0.0083073571,0.056476323,0.048246176,0.029366692,0.049390239,0.035771291,0.036452523,0.059113314,0.033915098,0.023010976,0.057933737,0.060462955,0.091326865,0.053456716,0.012435301,0.034750602,0.052451556,0.077792747,0.10644939,0.056456281,0.10136997,0.12119864,0.12294251,0.11731707,0.13835578,0.17825468,0.20446394,0.2171931,0.2188692,0.26686634,0.2878867,0.34611766,0.3944754,0.48527834,0.63287929,0.68760548,0.8418339,0.9622469,0.97371565,1.0916373,1.2700563,1.4543543,1.572134,1.6489543,1.8219194,2.0797365,2.3158156,2.4578645,2.60218,2.7482807,2.7647018,2.4874397,2.0481684,1.8098139,1.1943386,0.44542344,-0.0521946,-0.42995519,-0.54646408,-1.0809773,-2.1996205,-2.8975173,-3.5376828,-3.7226532,-3.4470891,2,1,0,1
-1.2742129,-3.8014779,-3.9857084,-4.2351855,-3.3230438,-1.861219,-1.3311155,-1.225749,-0.36671675,0.2516935,0.1059148,0.23038684,0.23307355,0.22454988,0.23012466,0.15745496,0.25225066,0.21738983,0.16398425,0.084297758,0.11889617,0.038266439,0.08260003,0.042805372,-0.16437602,-0.091016685,-0.082089331,-0.15056315,-0.16743988,-0.25775454,-0.25662063,-0.37405175,-0.36963576,-0.26299475,-0.35171848,-0.36324355,-0.27933075,-0.24271958,-0.26676612,-0.23695278,-0.052738002,0.0042437597,0.04260572,0.19326592,0.18013202,0.30214778,0.24444217,0.3455937,0.39667991,0.38706815,0.50676188,0.47840546,0.43046574,0.58916058,0.56718747,0.62944996,0.66619655,0.64936344,0.71257362,0.57026401,0.57452325,0.78876891,0.69093463,0.75847783,0.75548997,0.79315522,0.79255008,0.83123327,0.84253391,0.92158255,0.99502299,0.94698862,0.95555924,0.90784041,0.92478048,0.7510982,0.83250655,0.83724113,0.85182497,0.7533351,0.68818553,0.66824836,0.66987728,0.59769918,0.5606489,0.61877051,0.43578741,0.40884389,0.31806288,0.34952492,0.42358428,0.35171442,0.27631879,0.30856318,0.2201431,0.20608778,0.24125276,0.33471542,0.62824934,0.81660124,1.0509371,1.1043225,1.2743232,1.4667881,1.54989,1.5451843,1.6151419,1.3058905,1.0091177,0.92243609,0.53462035,0.19884728,-0.23572199,-0.61018165,-0.81695172,-0.90652717,-0.88595013,-1.0104639,-1.0506637,-1.065545,-1.0274889,-1.0975747,-1.0673466,-1.122926,-1.1155979,-1.1326652,-1.2374625,-1.2693504,-1.1887395,-0.96107748,-0.26691175,0.157757,0.053663883,-0.0056504109,-0.37172856,-0.99463363,-1.1401054,-1.0159754,-0.068810357,-2.7064526,1,0,0,1
0.6160258,0.31351214,-1.5249974,-2.7886108,-3.5284009,-3.6003813,-2.5961116,-1.9287606,-1.4122173,-0.49107532,-0.30060503,-0.4537414,-0.362379,-0.3676513,-0.36370996,-0.32590253,-0.35165823,-0.37830217,-0.4155364,-0.53871905,-0.53996045,-0.55294522,-0.67826066,-0.60107089,-0.74100214,-0.85512332,-0.9368957,-0.97539134,-0.97285238,-1.0811354,-1.1107901,-1.159981,-1.2651327,-1.3395536,-1.4352994,-1.4140878,-1.3525773,-1.3039557,-1.334949,-1.304452,-1.2262124,-1.1840172,-1.0058924,-0.88742969,-0.7972735,-0.56233276,-0.58011925,-0.48239158,-0.35895582,-0.33948579,-0.28437631,-0.10253008,-0.15508551,0.022445423,0.048053807,0.0031195578,0.1227856,0.23167059,0.25735087,0.29452699,0.24334835,0.410831,0.47699328,0.56269254,0.76750535,0.72316353,0.82517864,0.88874444,0.96660172,0.88901145,0.88603849,0.99568198,1.0976843,1.0991919,1.0594786,0.9728076,0.99460983,0.88549392,0.92835615,0.96997256,0.7712408,0.74160206,0.78566988,0.70569952,0.64400389,0.54409326,0.58620664,0.48233568,0.52325312,0.40351839,0.40765498,0.51089989,0.41744516,0.40598891,0.34441799,0.36783736,0.325829,0.26566272,0.31119926,0.27014406,0.27987045,0.4241581,0.47313087,0.67908385,0.95152716,1.1424366,1.2948057,1.5331504,1.8069803,2.1101935,2.1240233,1.9465237,1.7147463,1.6746329,1.2793248,0.92150454,0.18866339,-0.16677379,-0.17446542,-0.28522643,-0.24886466,-0.38796365,-0.32417033,-0.28844245,-0.31942334,-0.37336295,-0.28614208,-0.26791013,-0.33477842,-0.22575108,-0.16215538,-0.055182261,0.54567059,1.2926632,0.83607042,1.1087871,1.0568406,0.45058504,-0.095226137,0.44316514,1,0,0,1
0.54624399,0.74692975,-1.0193337,-2.7377778,-3.7852421,-3.9350628,-2.577136,-1.7971953,-1.4686818,-0.42219762,-0.063054098,-0.21661705,-0.13024242,-0.21825334,-0.19358166,-0.17099971,-0.3119075,-0.26872151,-0.41914599,-0.40159382,-0.48483045,-0.49937621,-0.55891943,-0.73105355,-0.6581128,-0.79317045,-0.82607743,-0.92260631,-1.0147507,-1.1770713,-1.207909,-1.2332288,-1.265179,-1.3559974,-1.4453392,-1.4934228,-1.5093216,-1.4979977,-1.4468452,-1.4238902,-1.4197716,-1.2774143,-1.1814869,-1.0614006,-0.93915465,-0.88461953,-0.63652892,-0.57618926,-0.43689631,-0.24955065,-0.17644477,-0.15567949,-0.011171736,0.061882813,0.18025041,0.2793488,0.42437599,0.46011561,0.43237908,0.53972533,0.68080648,0.72152642,0.84767483,0.93302647,0.84223533,0.92129756,1.0235026,1.0284453,1.0946338,1.0161292,1.0075788,1.0658016,1.0233169,0.95956576,0.83515022,0.85151306,0.92686953,0.85466002,0.78775766,0.61532017,0.61875746,0.58227746,0.54804353,0.56994692,0.51171106,0.42578424,0.46013159,0.32923386,0.32688891,0.37159478,0.22057345,0.40617381,0.39030016,0.32762309,0.31610583,0.27170757,0.29749447,0.34352672,0.33962586,0.24302493,0.19962888,0.21194392,0.24278662,0.46879916,0.82761711,1.1784192,1.3623114,1.31535,1.5796342,1.9062373,1.8483998,1.7319811,1.4522429,1.3059411,0.95702126,0.67893599,0.057239343,-0.29993542,-0.32665712,-0.30161952,-0.23499678,-0.29052338,-0.25262319,-0.19988029,-0.15797849,-0.24864155,-0.15180904,-0.14385978,-0.1143864,-0.18828799,-0.11302539,-0.019306704,0.29859236,0.98346116,0.89455513,1.2327048,1.3386585,0.95970101,0.26189202,0.82903985,1,0,0,1
-0.52678394,-1.6752278,-2.5184785,-3.2839749,-3.4671336,-3.3136965,-2.820388,-2.2593905,-1.6251637,-1.1665954,-1.1357946,-1.1410752,-0.79225751,-0.34920426,-0.240819,-0.21124161,-0.16587234,-0.28874036,-0.30790002,-0.20802468,-0.18724021,-0.18356066,-0.3313214,-0.33508963,-0.22238765,-0.30145164,-0.2490595,-0.20556128,-0.26334815,-0.30268593,-0.3494028,-0.31111068,-0.25406003,-0.275811,-0.3663346,-0.30517453,-0.24792325,-0.20084325,-0.29936069,-0.39421983,-0.42666093,-0.37640377,-0.33036103,-0.42951071,-0.46531606,-0.43352883,-0.45781873,-0.46095335,-0.472728,-0.4842804,-0.51659244,-0.56622347,-0.54687324,-0.5294541,-0.40947213,-0.47000526,-0.49525297,-0.49783883,-0.59576364,-0.58542759,-0.53917599,-0.51843424,-0.52468322,-0.4349793,-0.43571682,-0.57713856,-0.54606237,-0.4738521,-0.39464638,-0.34447653,-0.34546715,-0.28980693,-0.19508391,-0.14020451,-0.16623582,-0.13026873,-0.10140701,0.041540237,0.054986291,0.015319015,-0.014109538,-0.095405644,-0.0059924529,0.051548058,0.13657524,0.10193375,0.064137589,0.13802959,0.097080481,0.19414652,0.10363432,0.076985414,0.28005765,0.25356919,0.20797847,0.30079434,0.29559334,0.20018949,0.27822054,0.37523434,0.36031384,0.41936159,0.49374323,0.52040686,0.54571786,0.58126314,0.50118438,0.57325261,0.58173556,0.63929629,0.70483739,0.81814103,0.95260982,0.89126863,0.80739629,0.76596211,0.73204195,0.7657509,0.87743593,0.97697032,0.93062195,0.95742658,1.0859131,1.1386998,1.527782,1.888576,2.1050577,1.9932651,1.8042034,1.6021318,1.4170136,1.4681023,1.897874,2.5178849,2.4201944,1.9043335,1.5099776,1.4996248,1.4156642,1.0467316,4,1,0,1
-0.091089494,-1.3882266,-4.0752647,-5.2561644,-4.6870288,-4.0136961,-2.8898888,-1.6276211,-0.82499208,0.19130322,0.93867834,1.4051809,1.3611504,1.2349498,1.0869532,1.1388082,1.1515095,0.99430113,0.57820907,0.56212779,0.66737331,0.66557585,0.79811244,0.7965502,0.73741759,0.77940076,0.85550031,0.82279699,0.79495071,0.8237162,0.78563954,0.64151431,0.56005634,0.46186893,0.44256452,0.37734222,0.20615131,0.1522079,0.071969795,0.035123082,0.02058254,0.10186315,0.17236931,0.10730102,0.13608993,0.16866777,0.1219102,0.059165348,0.10791335,0.09286185,0.087716497,0.031050621,0.02268101,0.093951833,0.038839458,-0.025850612,-0.09766984,-0.15630453,-0.1233532,-0.071640702,-0.11159151,-0.12278528,-0.12748299,-0.16829592,-0.14170499,-0.13364052,-0.22295834,-0.29201941,-0.26505537,-0.27934745,-0.34045805,-0.32395002,-0.26355716,-0.18498961,-0.28969416,-0.23404858,-0.23478835,-0.19451423,-0.25316852,-0.2936849,-0.23277891,-0.25299688,-0.21563017,-0.21717868,-0.1937299,-0.26517647,-0.21714832,-0.26179243,-0.25003451,-0.20838758,-0.23705259,-0.16100732,-0.15596066,-0.16280865,-0.24047068,-0.27923922,-0.18841944,-0.22359701,-0.18454459,-0.15723339,-0.20761101,-0.17270434,-0.13460762,-0.11206059,-0.091325557,-0.078742352,-0.088397297,-0.04343285,0.053716893,0.21313011,0.53602449,0.71813476,0.9887935,1.4462992,1.4607277,1.2358111,1.1562071,0.81472724,0.59014019,0.20987612,-0.30113254,-0.40100545,-0.40278657,-0.51987144,-0.49653323,-0.46692209,-0.46114588,-0.42127943,-0.49591983,-0.41302239,-0.4343593,-0.19285862,0.52069419,0.71377551,1.0297747,1.3012755,1.0844225,0.93691136,1.780818,-0.22579573,1,0,0,1
0.1524721,-1.9352961,-4.0188109,-4.8117962,-4.30447,-3.3544416,-2.102082,-1.0116992,-0.47111673,0.68668508,1.5665379,1.7631203,1.6868269,1.5791239,1.4366057,1.4161923,1.1640982,0.75206508,0.67055449,0.81517322,0.84993848,0.93092854,0.91819523,0.93425075,1.0076852,0.97227826,0.96616952,0.9611711,0.90057888,0.82073617,0.79969741,0.69967109,0.69414929,0.56307835,0.39784227,0.34421992,0.1740532,0.1578047,0.032492447,0.022332465,-0.03677084,-0.084558137,-0.12039773,-0.0032025123,0.02363364,0.03474478,0.1134582,0.079657287,0.11871635,0.10782816,0.06095022,0.13437577,0.10297614,0.059796908,-0.029252367,-0.069350273,-0.053774135,-0.0086629885,-0.04347093,-0.12294703,-0.15753502,-0.22447833,-0.24496703,-0.21833996,-0.20897965,-0.10445766,-0.20166303,-0.24715429,-0.25519173,-0.25825633,-0.20252539,-0.15113923,-0.24337501,-0.22281924,-0.31774137,-0.28657857,-0.23492869,-0.2758143,-0.31313032,-0.24680798,-0.22967857,-0.23736417,-0.1607545,-0.22155331,-0.25352886,-0.19634293,-0.22463844,-0.18987879,-0.20631152,-0.25510589,-0.27111173,-0.30813585,-0.27795247,-0.27397367,-0.33805808,-0.19328948,-0.29261484,-0.24651246,-0.2834529,-0.34479025,-0.25512698,-0.26437548,-0.25836495,-0.23459908,-0.34296824,-0.18147696,-0.10433023,0.16758845,0.37002758,0.56985837,0.90742381,1.3487901,1.517524,1.4111388,1.2934687,0.99540668,0.71137997,0.30516301,-0.20747194,-0.5836199,-0.65551468,-0.82238913,-0.76002497,-0.7486772,-0.72594374,-0.73853416,-0.6821034,-0.61304578,-0.6169918,-0.60245534,-0.29604886,0.53224824,0.67074698,1.0372691,1.5476323,1.0826604,0.72479247,0.7734621,0.55880231,-2.3011548,1,0,0,1
-1.2451488,-0.9148682,-3.4939821,-3.6480286,-3.6279622,-2.9355099,-1.9652806,-0.70455845,-0.40814541,-0.046128327,0.41686182,0.46592159,0.47571781,0.49365075,0.57591962,0.60576382,0.59820813,0.54080096,0.68723297,0.63454401,0.64045317,0.69775895,0.61195699,0.64434211,0.64561857,0.68275399,0.54943502,0.59325235,0.53395733,0.47996613,0.48617531,0.49048912,0.44021068,0.48369743,0.46896572,0.45705522,0.44539587,0.5273977,0.49420062,0.52166334,0.55494207,0.54454085,0.59633188,0.60691418,0.61288889,0.73841717,0.74176947,0.70888272,0.75805668,0.79031988,0.77718088,0.80680857,0.72457329,0.72110906,0.74752574,0.7257896,0.65686792,0.65867878,0.70646305,0.73122403,0.72526626,0.75055821,0.72868696,0.70220753,0.74268276,0.66468435,0.66315918,0.64404229,0.62599078,0.68148777,0.59561381,0.68077392,0.76442566,0.68592551,0.68375505,0.65023586,0.6373205,0.61198452,0.62917154,0.56919808,0.54042796,0.41724159,0.5768893,0.46234262,0.38200566,0.44660477,0.39777639,0.39106363,0.34123902,0.33905558,0.22696529,0.23064389,0.20827501,0.21442375,0.17090047,0.22875553,0.23805132,0.28566873,0.38300136,0.37846676,0.4934178,0.58214497,0.65120262,0.64047803,0.60604398,0.49005071,0.40792513,0.29179243,0.11789462,-0.10429618,-0.25891951,-0.62979091,-0.80526726,-0.86843649,-0.93413913,-0.93103986,-1.1323425,-1.0236203,-1.1442862,-1.2108648,-1.1815408,-1.3231811,-1.3446153,-1.3007985,-1.4754955,-1.3963127,-1.4564438,-1.5081471,-1.3858082,-1.131471,-0.95801152,-0.92846816,-0.85639658,-0.95062999,-1.0484344,-1.0405876,-1.1560835,-0.84981783,-1.849212,-3.7024999,1,0,0,1
3.0136191,1.485195,-1.1961199,-2.8193443,-4.0961664,-4.6065793,-3.2375646,-1.452775,-0.84647624,-0.34101331,1.1720563,1.2642441,1.2264796,1.1126918,1.2197143,1.1760371,1.2645806,1.100124,1.0667166,1.1880757,0.85185635,0.72681372,0.95634916,0.83492935,0.63839983,0.64587287,0.48273448,0.48423117,0.55758133,0.40710978,0.34485528,0.17285067,0.065635764,-0.18645654,-0.23924023,-0.19084664,-0.2903004,-0.51681022,-0.53428138,-0.3380409,-0.50138373,-0.35768893,-0.40307519,-0.48925565,-0.37981384,-0.1942976,-0.067350502,0.078773917,0.17748413,0.36315388,0.38408917,0.20899422,0.34985571,0.25840469,0.37795182,0.32502795,0.32006603,0.41113239,0.33363815,0.41054388,0.37497268,0.39598513,0.19868378,0.28436062,0.19027333,0.29856808,0.31485104,0.24139186,0.50446172,0.30005407,0.49356006,0.4877054,0.60906626,0.6591543,0.57997454,0.59228872,0.6263563,0.61526545,0.5461132,0.67763037,0.44684955,0.56763788,0.30914147,0.24402694,0.39844515,0.21025399,0.089009419,0.098788521,-0.036214559,-0.045145356,0.078565565,-0.14377774,-0.10892274,-0.13357242,-0.30579035,-0.23201517,-0.18146967,-0.4085956,-0.33292855,-0.026471429,-0.28919371,-0.29794266,-0.28489739,-0.24640957,-0.28458369,-0.10445668,0.43022908,0.88559091,1.0499778,0.74213842,0.55244258,0.28410446,-0.042060998,0.04582671,0.18853355,0.05477428,-0.60534891,-1.2731362,-1.3388079,-1.2619688,-1.2512217,-1.1833087,-1.3677713,-1.3041899,-1.393459,-1.2812788,-1.2540032,-1.1688415,-1.2057001,-1.1073146,-0.78164541,0.18400375,1.5770156,1.11048,1.3244343,1.0864799,0.54376667,-0.98881058,-1.9336399,-1.4613277,1,0,0,1
0.1160155,-2.8147008,-2.9753278,-2.9179543,-1.8945019,-0.57748816,-0.30868529,0.36400092,1.2567653,1.2440393,1.3086983,1.2084816,1.2285068,1.2636948,1.2752223,1.2525284,1.2658536,1.1066354,1.1464471,1.0811306,0.99523717,0.92463206,0.88827025,0.82209425,0.81675275,0.68295864,0.70264301,0.64984227,0.53366761,0.66018154,0.51826511,0.44768939,0.48286154,0.37398329,0.34811707,0.36049253,0.34682157,0.38553712,0.32763555,0.40191093,0.48749664,0.50775705,0.50180678,0.58018469,0.59208619,0.70072285,0.57230698,0.59078564,0.67468229,0.69536894,0.72083445,0.59867035,0.69475283,0.62476085,0.59226365,0.55705711,0.60968233,0.56902663,0.51554976,0.61473631,0.53209963,0.56453886,0.60880761,0.56096351,0.52954779,0.58272248,0.64200267,0.6151385,0.66006351,0.56230105,0.5048686,0.46535113,0.44791859,0.48298289,0.33436894,0.34408585,0.25105203,0.21362584,0.244683,0.13283832,0.12486187,0.063782117,-0.0056783443,-0.080423338,-0.14742929,-0.14748889,-0.14996852,-0.23697859,-0.21911347,-0.33866915,-0.39564089,-0.31861508,-0.4433979,-0.45895745,-0.5375297,-0.44739899,-0.5725673,-0.57174869,-0.57595649,-0.50609277,-0.29231448,-0.05002701,0.2225162,0.30616229,0.56753083,0.98987422,1.1572122,1.1438682,1.0573192,0.64537696,0.38898048,-0.011895756,-0.36868504,-0.85833229,-1.3824621,-1.5524639,-1.5455951,-1.5884302,-1.6277587,-1.7338327,-1.7102663,-1.719443,-1.7662736,-1.6348984,-1.6998276,-1.6093814,-1.6350143,-1.6745829,-1.6078103,-1.4050933,-0.79510836,0.085172622,0.06706061,-0.057502214,-0.42938165,-1.2612965,-1.6787126,-1.5117506,-0.49271368,-3.5446574,1,0,0,1
-0.87571457,-1.516076,-2.0684258,-2.5239115,-2.5151108,-2.2591355,-1.8091007,-1.3978049,-1.0966818,-1.004471,-0.98742684,-0.68646326,-0.40342534,-0.35383749,-0.35294241,-0.39795309,-0.37544668,-0.37109261,-0.39890474,-0.41379007,-0.42394291,-0.38783642,-0.38074953,-0.36035573,-0.37240318,-0.4277777,-0.44421397,-0.40770311,-0.39407471,-0.49518786,-0.45076236,-0.42193554,-0.470698,-0.40551438,-0.45725606,-0.49385597,-0.44545455,-0.48898222,-0.48234491,-0.49398874,-0.47984706,-0.50871283,-0.52535954,-0.54320334,-0.57038167,-0.56342992,-0.5985378,-0.58709732,-0.56083623,-0.58595365,-0.56743502,-0.59401278,-0.55441225,-0.50859931,-0.48368249,-0.45769343,-0.46631018,-0.42148621,-0.42605313,-0.36495547,-0.2893956,-0.24941775,-0.24985822,-0.12148399,-0.16191876,-0.17424585,-0.16510622,-0.11822472,-0.11963227,-0.13358118,-0.086897555,-0.10633466,-0.11683797,-0.075591335,-0.079726779,-0.0902137,-0.049778201,-0.035391864,-0.065155648,-0.044298991,-0.061156358,-0.057998368,-0.039698137,-0.065171865,-0.067279796,-0.024525903,0.005370472,-0.041489108,-0.025647287,0.035069141,0.01771026,0.038675574,0.14393766,0.12412897,0.17343745,0.17329057,0.190051,0.18833549,0.23646663,0.25105634,0.2822413,0.2687676,0.27514323,0.29447562,0.30706188,0.26658607,0.35830658,0.34532251,0.37688387,0.35638888,0.41185534,0.51285874,0.57445374,0.71848973,0.84991219,0.98810521,1.0473276,1.1236494,1.3556106,1.6340675,1.7399693,1.8317014,1.9773363,2.1631461,2.4134294,2.6669438,2.7963146,2.9528688,2.9980494,2.9551274,2.5523384,2.1532863,1.8021346,1.1838127,0.56762576,0.17775477,-0.083364359,-0.23447894,-0.73973857,-2.0024838,2,1,0,1
-2.6404896,-2.9142344,-1.2330219,-0.87429987,-1.0131808,-1.7642268,-1.8204888,-1.9307553,-1.968797,-2.0890119,-2.0136476,-2.1207206,-2.1711686,-2.1996403,-2.1134501,-2.1359387,-2.1390631,-2.070766,-1.9701764,-1.8183799,-1.7142373,-1.6034189,-1.4176542,-1.1862798,-0.93306928,-0.75452387,-0.57170592,-0.35709935,-0.1690854,-0.081537582,0.024654225,0.098764518,0.052261106,0.020361503,0.1260489,0.13497436,0.044195757,-0.047451961,-0.035757176,-0.089682939,-0.10998979,-0.11236618,-0.14506719,-0.1992102,-0.11202659,-0.13614669,-0.095339676,-0.0070736003,-0.01035873,-0.017085916,0.12183283,0.14983618,0.18870737,0.28427884,0.2964868,0.29823883,0.32234333,0.40585174,0.40977863,0.47481422,0.40673363,0.3882862,0.40152403,0.36488816,0.40685994,0.34938915,0.37454451,0.36140635,0.31030247,0.2857475,0.35735618,0.38674143,0.38128188,0.34806196,0.4081238,0.29823767,0.3411475,0.34241095,0.35869976,0.39244384,0.39465751,0.36712669,0.31691764,0.44733677,0.42600355,0.41103163,0.47652813,0.37709816,0.49447658,0.41747897,0.35886381,0.38645666,0.39845568,0.42008265,0.35091985,0.45089103,0.41290618,0.33787674,0.37669388,0.33359488,0.39931795,0.39353381,0.38235842,0.48969895,0.69747752,0.74178501,0.98116866,1.1265463,1.3898246,1.6236273,2.0100843,1.992583,1.8653798,1.7190038,1.5433312,1.2214823,1.011869,0.49089288,0.0037902557,-0.044766012,-0.01404096,-0.071430288,-0.016168625,0.0043742018,-0.058076166,-0.013145681,-0.011022083,-0.019164119,-0.038338355,0.028516181,0.12153452,0.69094447,1.4153936,1.2658228,1.3832961,1.3252333,0.90296672,0.80756437,1.6095995,0.88176432,1,0,0,1
-1.0091216,-1.9253892,-2.4262678,-2.5422848,-2.4197015,-2.2819138,-2.0753456,-1.5396758,-0.9632889,-0.80517958,-0.6864443,-0.43776706,-0.19434375,-0.14483021,-0.1399806,-0.12423071,-0.11243488,-0.16657121,-0.10992518,-0.086080485,-0.12411615,-0.15518149,-0.19205706,-0.16993891,-0.2255474,-0.20240125,-0.14740809,-0.23904335,-0.19852946,-0.21025158,-0.19621993,-0.25237788,-0.28957513,-0.2749449,-0.25329399,-0.29556188,-0.28359314,-0.26236673,-0.32660961,-0.28603182,-0.35412699,-0.37548331,-0.39934682,-0.40123024,-0.40707217,-0.38943262,-0.40611155,-0.42358893,-0.42483721,-0.45349867,-0.42554427,-0.39569238,-0.31897796,-0.28717786,-0.32432354,-0.23305061,-0.20749406,-0.11876731,-0.14699699,-0.1685423,-0.13394468,-0.06219648,0.019620918,0.02044545,0.0062919191,0.11305406,-0.019276186,0.012198258,0.041725432,0.056283925,0.040152032,0.046929821,0.08495528,0.069023341,0.078530639,0.087702206,0.13266713,0.085639135,0.16057294,0.11090608,0.081527654,0.12286257,0.15134239,0.14144477,0.091758267,0.17195933,0.18814583,0.22229343,0.2545399,0.26335881,0.23112221,0.28650492,0.3055318,0.28863526,0.34642633,0.33646052,0.33032724,0.33984558,0.41978897,0.38329407,0.34807515,0.42197408,0.44564158,0.37661832,0.44894913,0.44752108,0.43304551,0.55429827,0.63489319,0.75982419,0.92567633,1.0135466,1.1097471,1.2121065,1.4486955,1.6667211,1.741445,1.8285959,1.9071241,1.9991591,2.1434232,2.2833257,2.3857996,2.4401901,2.5464106,2.4622986,2.103899,1.7164346,1.4650611,0.91751049,-0.046577287,-0.66382603,-1.0962339,-1.2638369,-1.2740678,-1.6933915,-2.0743585,-2.2644256,-2.2545722,-2.0280496,2,1,0,1
-1.1510212,-3.5348764,-4.7940929,-5.0567362,-4.526423,-3.3663931,-2.2706336,-1.812741,-0.92865321,-0.36297391,-0.22277293,-0.32278464,-0.14261045,0.056450607,0.13182096,0.76391625,1.1756903,1.1228937,0.85650884,0.86148667,1.0950168,0.99863079,1.0142903,1.1483521,1.1054439,1.3045679,1.1789567,1.1090617,1.1803531,0.88503456,0.75991361,0.71336963,0.70555904,0.64500554,0.4818743,0.3605554,0.12131213,0.028517999,0.10627138,0.10054775,0.1267923,0.16679427,0.28013392,0.29566911,0.22213018,0.34269695,0.373613,0.3633116,0.35131929,0.31336435,0.29645202,0.33685819,0.20488011,0.25174676,0.23933435,0.17157054,0.04356513,0.05188681,0.11534913,0.044071501,-0.034869802,0.084652248,0.032408908,0.036072822,-0.060731719,-0.017686458,0.064298391,-0.012673809,-0.025645577,-0.011661673,-0.1136191,-0.10119239,-0.16290258,-0.091114662,-0.088584062,-0.067377181,-0.17877985,-0.18052691,-0.16856926,-0.20509941,-0.1733562,-0.26725386,-0.15541362,-0.16652662,-0.15789613,-0.12505134,-0.22917345,-0.12259101,-0.11748892,-0.1193843,-0.14837262,-0.21149554,0.05393789,-0.23176678,-0.15596947,-0.038086953,-0.1363042,-0.0435657,-0.13404577,-0.040750003,-0.10772871,-0.17939213,-0.17357021,-0.19841556,-0.16018938,-0.14241165,-0.14709397,-0.14614987,-0.070042116,0.045928103,0.043498467,0.28652301,0.60675944,0.76337051,1.0062591,1.3325581,1.3561519,1.3109482,1.1484528,0.8943644,0.67546046,0.20319584,-0.23717438,-0.40915712,-0.44789023,-0.34347475,-0.42663442,-0.3824979,-0.40200463,-0.35948755,-0.38760669,-0.50386556,-0.14145739,0.60470737,0.68154048,0.52635358,0.68799762,0.4988462,0.21638108,0.39087529,1,0,0,1
-1.6464979,-3.7380942,-3.742831,-3.5355685,-3.0323229,-1.8695974,-0.48906322,-0.16722018,0.51687051,1.1535699,1.2208896,1.1697491,1.2619214,1.2209629,1.1473333,1.1460602,1.0925119,1.0511776,0.88724115,0.85745509,0.90194082,0.88445004,0.84023583,0.79671593,0.7140268,0.61621598,0.54279755,0.48956255,0.43994265,0.38844216,0.12304846,0.079752602,0.12166471,0.0073123503,0.0058683969,-0.015904995,-0.075597548,0.016073709,0.037256671,0.1021027,-0.020879691,0.065130863,0.16267811,0.21633639,0.31985706,0.38300633,0.35487492,0.53553757,0.45304138,0.53163693,0.49469441,0.54651165,0.5666061,0.48813624,0.29512983,0.26687465,0.27396379,0.24385576,0.3828942,0.34836591,0.47312268,0.38937852,0.28967997,0.2400995,0.2111494,0.19193143,0.23104919,0.25761334,0.39378945,0.31649244,0.37078828,0.3664723,0.32245936,0.35445284,0.38627829,0.3944491,0.35506457,0.39983305,0.43864211,0.44071927,0.35240016,0.28952259,0.22659077,0.15094226,0.31307489,0.20596234,0.13614673,0.10915349,-0.028045368,0.044094449,-0.12103318,-0.059281369,-0.066074351,-0.016114585,0.19764814,0.44485449,0.62291902,0.78456162,0.86219111,0.85219488,1.1504453,1.3887656,1.3690961,1.3782362,1.1854899,0.86761953,0.79738409,0.46320554,0.17815779,-0.10197313,-0.59028388,-0.90842661,-1.166073,-1.3419285,-1.2218931,-1.2544071,-1.2550088,-1.173951,-1.2386519,-1.3172049,-1.2769145,-1.3959475,-1.321013,-1.3793276,-1.3957929,-1.5021846,-1.3112771,-0.99053008,-0.41091047,-0.077691521,-0.23531057,-0.1337174,0.024959344,0.045702352,-0.14318525,-0.54686647,-0.27690883,-0.35271178,-1.1191487,-3.9637016,1,0,0,1
-3.5662577,-4.6197504,-2.6967513,-1.8281844,-0.93252816,-1.249565,-1.3712871,-1.6058048,-1.5980801,-1.7152078,-1.7300875,-1.8645931,-1.8260222,-1.8614017,-1.8074313,-1.8252148,-1.8306938,-1.7660409,-1.7276612,-1.592585,-1.4856202,-1.3755702,-1.2729042,-1.0597617,-0.84035456,-0.6859019,-0.51973428,-0.21424938,-0.032796004,0.23590481,0.30313887,0.41072872,0.53747204,0.52982115,0.55177765,0.4508918,0.4583548,0.33225243,0.2558858,0.28244404,0.19813137,0.14855552,0.12355546,0.12861097,0.0023533377,-0.020923726,0.11894484,0.011655858,0.11503245,0.15724318,0.1678796,0.23926915,0.31635098,0.34237189,0.4265929,0.45092367,0.48925412,0.53102039,0.55507613,0.58726658,0.52480242,0.66011616,0.5448884,0.59013406,0.54679738,0.51681093,0.42539324,0.40831671,0.41383965,0.39018529,0.39229301,0.32711689,0.25654711,0.37756794,0.38178645,0.29947721,0.26071633,0.23934028,0.19746241,0.26948864,0.2744622,0.32595202,0.28748102,0.27561478,0.32995948,0.30367814,0.3701188,0.26996285,0.31419817,0.27781719,0.28402488,0.28338842,0.32035957,0.24128306,0.23146196,0.22747021,0.19623887,0.21419979,0.33114303,0.2865297,0.26035647,0.2752335,0.2625632,0.37026044,0.52269903,0.64335371,0.86827799,1.0318571,1.2594034,1.5199877,1.8135731,1.828657,1.6597893,1.5025598,1.2732539,0.98599357,0.67698807,0.33323359,-0.043471289,-0.25704807,-0.21714038,-0.28544969,-0.25335549,-0.31361494,-0.21883249,-0.21362798,-0.26833951,-0.24965849,-0.19048465,-0.19913236,-0.12063942,0.22443516,0.98130692,1.0581905,1.2549144,1.5805405,1.2397743,0.65268319,1.0668198,1.0798682,1,0,0,1
1.5221249,-0.39839137,-2.3964298,-3.6005257,-3.3204344,-2.4420969,-1.3489779,-0.61485151,-0.4321437,0.23110397,0.82717132,0.87089677,0.80951597,0.84756971,0.82387431,0.81580713,0.8713795,0.84125107,0.8326368,0.84116606,0.76122509,0.71717463,0.71356535,0.63992068,0.62729894,0.56149188,0.43505129,0.42774803,0.43864866,0.36235437,0.28402138,0.23210131,0.15461339,0.22871394,0.18887672,0.10105839,0.11082235,0.09253468,0.16016549,0.19034325,0.27174082,0.35822266,0.40321608,0.47846403,0.56587465,0.72721613,0.76929547,0.72767028,0.83825022,0.77697532,0.72328277,0.7712929,0.82560156,0.75712753,0.73715453,0.75936558,0.65828314,0.67043187,0.63433742,0.63466188,0.63150853,0.67197223,0.69199532,0.67056807,0.69259865,0.73467054,0.72590941,0.72977998,0.77273703,0.82049959,0.89367626,0.87710004,0.819887,0.85299419,0.87353572,0.83015756,0.81551606,0.76846069,0.7524114,0.76511104,0.65210522,0.52036011,0.40731635,0.36704205,0.32237954,0.28765975,0.19791691,0.26915442,0.12505813,0.079340021,-0.0036536085,-0.072435456,-0.061432078,-0.12285089,-0.11465184,-0.098507492,0.088545972,0.27683311,0.3393371,0.48496083,0.58440832,0.61469104,0.82192001,0.87087031,0.7058263,0.64254219,0.34211469,0.055949725,-0.14094819,-0.29468862,-0.57221349,-0.78000189,-1.1713354,-1.3877857,-1.5062098,-1.4670349,-1.5647493,-1.6235436,-1.6385588,-1.6978233,-1.7520555,-1.748757,-1.7760254,-1.8668823,-1.7917256,-1.8616215,-1.8945382,-1.9382222,-1.789758,-1.567856,-0.9837353,-0.75601026,-0.6614956,-0.30973677,-0.1304756,-0.36611135,-0.77904182,-1.2505719,-0.84732805,-2.1538892,1,0,0,1
0.18993308,-0.73339069,-0.99551736,-1.0451883,-0.88726624,-0.56525482,-0.20782032,-0.13185362,0.034634811,0.26450489,0.28346062,0.29325376,0.26693225,0.29097919,0.28162856,0.27782554,0.29524169,0.25376848,0.28381112,0.29435012,0.28863011,0.26208409,0.26865093,0.23714515,0.21673538,0.2092361,0.19407959,0.17468209,0.20936768,0.18621198,0.20456671,0.15937166,0.11587239,0.13471488,0.13421195,0.10301709,0.10028262,0.10726249,0.093935929,0.10725526,0.11234407,0.14878437,0.1727281,0.1883394,0.2256597,0.23450229,0.27530167,0.29526279,0.30185841,0.28962692,0.32885351,0.34498579,0.34550485,0.34743818,0.38688572,0.35886913,0.39277974,0.39144878,0.39000796,0.39642939,0.38429406,0.39149517,0.38257367,0.39428493,0.40536041,0.40945346,0.4262703,0.44266848,0.46746008,0.45734057,0.43446277,0.45595674,0.49957905,0.51359852,0.52403372,0.50972834,0.53607153,0.50758895,0.51352683,0.48653754,0.51390218,0.50093208,0.49845245,0.47607215,0.49319455,0.53209176,0.49002216,0.48155638,0.46393862,0.4570037,0.45593821,0.43978557,0.44941499,0.4424411,0.42226067,0.43316597,0.41214475,0.44374189,0.43477986,0.43124729,0.44061624,0.49158984,0.57608149,0.65165661,0.69556538,0.74065946,0.78556616,0.82384356,0.86986402,0.83022186,0.80521377,0.76571543,0.69676536,0.68450305,0.61103811,0.59059764,0.62399864,0.69961619,0.92839387,0.7657285,0.28412503,0.25906158,0.31231253,-0.1102032,-1.0009436,-1.8187353,-2.3545309,-2.5018583,-2.8328861,-3.0928578,-3.2712303,-3.3123076,-3.1657575,-3.0304158,-2.7951091,-2.6198853,-2.6756397,-2.6564965,-2.2806054,-2.0066008,3,1,0,1
-1.8614598,-2.4037825,-2.8800122,-3.4204537,-3.4213581,-3.2024453,-2.3867432,-1.2710426,-0.98604904,-0.80806418,-0.41507679,-0.13636027,-0.1249743,-0.05963123,-0.15341571,-0.033774723,-0.031987169,-0.034120949,0.032849315,-0.056022558,0.019856945,0.0024005281,0.10757928,0.054920791,0.027575871,0.032494574,0.028712187,0.045800201,0.19598538,0.19476502,0.14451044,0.13515297,0.26083214,0.16728514,0.26733222,0.22618239,0.20959903,0.21681392,0.30002214,0.27608288,0.25221751,0.23587061,0.32561495,0.37731312,0.33807045,0.35181198,0.43905823,0.36672442,0.3854652,0.38813842,0.38397944,0.39518283,0.35045669,0.25877152,0.3122681,0.34757961,0.25683801,0.23887436,0.20785262,0.20367879,0.17526817,0.16721955,0.19833513,0.37606737,0.32501103,0.30071398,0.24838779,0.27621147,0.27132574,0.34589301,0.23366151,0.25598116,0.31850831,0.3779836,0.46609985,0.5263328,0.55622727,0.62051945,0.56176822,0.55258232,0.73761326,0.80450565,0.68925366,0.80836261,0.93245722,0.90368402,0.83904297,0.84949789,0.87117956,0.82852358,0.92546891,0.9521681,1.0218015,1.1751944,1.2587686,1.317431,1.4487228,1.6974997,1.9696108,1.9595455,1.8040353,1.7954116,1.5512479,1.3469716,1.1097001,0.96388888,0.73408301,0.37560377,0.088095078,-0.15980018,-0.24624068,-0.41433061,-0.33496573,-0.26071795,-0.36906375,-0.4057703,-0.3832683,-0.5614535,-0.55529464,-0.52451132,-0.57036274,-0.60911669,-0.6115331,-0.80796259,-0.87530772,-0.79387341,-0.77075797,-0.53455385,-0.22068636,-0.0023080121,-0.12001595,-0.41740575,-0.9826456,-1.3753713,-1.6719727,-2.0210426,-2.0652252,-1.6913206,-1.6433526,-2.5889809,1,0,1,1
0.90968501,-1.088811,-2.316428,-2.6943207,-2.1257504,-1.4435384,-0.47974861,-0.12881417,0.28802898,0.97257149,0.98829027,0.97342512,1.0384484,1.0207984,0.96372131,0.95989157,0.98600853,0.89956954,0.92504301,0.88180698,0.79858226,0.74630888,0.76553559,0.71113469,0.68547617,0.68065121,0.54835539,0.63780959,0.54657408,0.4672545,0.5425048,0.46748333,0.4369961,0.34991087,0.42204079,0.34740472,0.41761457,0.39989425,0.40696197,0.50855097,0.53108245,0.57766519,0.62302936,0.70615542,0.78816094,0.81473167,0.90989597,0.89570288,0.89152692,0.88524406,0.87234311,0.83295646,0.83018082,0.88093839,0.80173634,0.70831638,0.76648418,0.69001212,0.72786916,0.77793305,0.74491097,0.75611052,0.73417261,0.67599675,0.68374335,0.6351599,0.70327285,0.76748856,0.72468519,0.75245928,0.70786745,0.81808653,0.77269747,0.73862688,0.69510932,0.67385663,0.64078419,0.6281628,0.5405637,0.4986366,0.47140086,0.38764123,0.32539096,0.29883211,0.20852098,0.083877373,0.069807078,-0.0072535362,-0.048593864,-0.055334216,-0.16757678,-0.19526929,-0.24578041,-0.21398131,-0.23506175,-0.27700551,-0.085672784,-0.062296397,0.065966279,0.13608067,0.20412966,0.29179547,0.51442373,0.61349872,0.51420928,0.37598263,0.1551842,-0.07241361,-0.19473035,-0.43536922,-0.67271035,-0.91065441,-1.2340785,-1.4199454,-1.5627673,-1.6363617,-1.6159299,-1.685536,-1.6113575,-1.7737528,-1.7791738,-1.7957534,-1.9157457,-1.8060357,-1.8606139,-1.885145,-1.9161346,-1.9864168,-1.7262473,-1.3779309,-0.79259735,-0.60841524,-0.42698383,-0.16670592,-0.3063919,-0.98250556,-1.6661082,-2.1506043,-2.0152615,-2.9538159,1,0,0,1
-0.092921894,-1.5184646,-2.308741,-3.4684036,-3.9311906,-3.296658,-2.0613956,-1.4224113,-1.1381249,-0.2305437,0.1371913,-0.0056560361,0.00066107559,0.0077755195,-0.057927092,-0.06556307,0.035824004,0.00085112224,0.093282281,0.079616691,-0.045406815,-0.068669382,-0.036834533,0.08036904,0.17397142,0.16844707,0.078927352,0.24751809,0.2615558,0.089415572,0.095119704,0.047848983,0.16264813,0.27379463,0.15236663,0.22680603,0.32153534,0.24564703,0.28740031,0.2535393,0.31665391,0.32715929,0.25839658,0.41062558,0.52454661,0.56696522,0.53658005,0.59471203,0.65789278,0.58792434,0.53637601,0.5692103,0.63192206,0.46468632,0.47307402,0.56848129,0.50129923,0.52667766,0.47395212,0.45357748,0.38296514,0.39993036,0.47814996,0.51276228,0.50149519,0.67069614,0.76763341,0.5088723,0.528805,0.63940324,0.70069548,0.71685669,0.68917757,0.78514413,0.81122353,0.90720433,0.81643074,0.78422124,0.88991018,0.93423407,0.89679736,0.6946145,0.7206499,0.64671702,0.69625929,0.74030425,0.659576,0.47594486,0.34971335,0.37159888,0.34185645,0.31321417,0.31185691,0.20088364,0.26371725,0.38550851,0.45201808,0.47623716,0.62488015,0.79825072,1.1421441,1.4768448,1.6834038,1.8619652,1.7958292,1.6629628,1.2412285,1.1139624,0.84184857,0.50089508,0.18790844,-0.39675448,-0.7948597,-1.0221283,-1.0669413,-1.0872426,-1.1992777,-1.1968898,-1.1468278,-1.2215717,-1.138946,-0.92645811,-0.93271162,-1.0388055,-0.97290853,-1.0614623,-1.2091852,-1.2672951,-1.1096747,-0.60334738,0.35761537,0.4289727,-0.25415282,-0.83095782,-1.4795922,-1.8374168,-2.2754256,-2.4004342,-1.71086,-1.7137761,1,0,0,1
1.5226928,-1.7944979,-2.8401591,-4.3934343,-4.3713558,-3.0942388,-1.3050691,-0.52960948,-0.34224384,0.79882078,1.4086609,1.1713782,0.95145247,0.96248355,0.90044778,0.91664654,0.95709351,0.76607904,0.70898986,0.65739646,0.48319973,0.42951331,0.28518219,0.29050527,0.29253959,0.18371265,0.15222729,0.15174456,-0.051536777,0.048596507,0.14312896,0.052577209,0.01793924,0.1156918,0.028689284,-0.047447317,-0.13829182,-0.080294393,-0.14777531,-0.19755095,-0.25468471,-0.22827451,-0.16865296,-0.074873167,-0.1281753,-0.080544267,0.15773238,0.00035975787,0.1050641,0.048588642,0.038796164,0.04809166,-0.062801387,0.025235026,0.2910891,0.020493402,-0.0033043434,-0.20885528,-0.11096084,0.035136628,0.071778866,-0.0741811,-0.15258383,-0.16617989,-0.1771611,-0.16599114,-0.22526035,-0.1961259,-0.13251782,-0.17799362,0.12323469,0.24716071,0.29635305,0.19920197,0.1141433,0.039014648,0.10593119,0.28547773,0.33824414,0.22760808,0.3295474,0.30920551,0.17487649,0.41003377,0.24212232,-0.00049011632,0.098949966,0.061375592,-0.17570748,-0.29331108,-0.19281783,-0.033237526,-0.042689673,-0.20148938,-0.35141442,0.034036581,0.20644243,0.27282773,0.53565464,0.85953446,1.3088193,1.7891651,2.2256575,2.2250914,2.3871226,1.8813484,1.3609753,1.3706326,0.95116769,0.51352295,0.049736612,-0.52677321,-0.97314089,-1.091794,-0.96697875,-1.0734472,-1.0901375,-1.1911648,-0.96838939,-0.98179936,-0.90366295,-0.97879681,-1.0713484,-0.95549915,-0.88101371,-0.94676641,-0.84579042,-0.60982898,0.030574693,1.1866643,2.0657094,1.6145585,1.3371478,0.7751203,0.46530765,-0.23796652,-1.2472544,-1.7062337,-0.52136018,-1.106123,1,0,0,1
-2.2794588,-2.6931506,-2.8348941,-4.5196506,-4.2703545,-4.0091381,-2.8931622,-1.8950064,-1.4865847,-1.0428006,-0.65141323,-0.64744202,-0.65635265,-0.42530165,-0.16025056,0.35875125,0.77851725,0.91615221,0.7081849,0.63325811,0.64733051,0.81324934,0.84446961,0.84224798,1.0156876,1.0430649,1.0333255,0.98989355,0.87117435,0.78458088,0.57504923,0.41060809,0.29071985,0.13766127,0.058897727,-0.17699167,-0.3333955,-0.3016248,-0.22457874,-0.25223796,-0.25698634,-0.30037563,-0.32012275,-0.26165854,-0.1947135,-0.18328175,-0.16092514,-0.065443139,-0.11078818,-0.12338423,-0.16295582,-0.062624463,-0.1409694,-0.11184196,-0.097098403,-0.13380935,-0.28318005,-0.20430849,-0.08075614,-0.25437243,-0.22211615,-0.28291852,-0.37700089,-0.33268149,-0.22887283,-0.26558861,-0.21891517,-0.28235374,-0.2403243,-0.14199364,-0.20797668,-0.30033727,-0.22499828,-0.14483061,-0.20332593,-0.13358642,-0.20568024,-0.11977184,-0.11667766,-0.12684196,-0.13265107,-0.097400845,-0.09922683,-0.083890633,-0.079200472,-0.027042876,-0.04030925,-0.10441277,-0.039950761,0.097949594,-0.010368415,-0.016542257,0.0071416579,0.0018239985,0.095429857,0.11173273,0.17781521,0.090622488,0.040332189,0.096197989,0.18992894,0.28196083,0.20561394,0.1823227,0.17002983,0.22203222,0.18746365,0.24052378,0.2874931,0.18559845,0.32863115,0.36225348,0.53220637,0.80317549,1.0701909,1.6501907,2.2134965,2.2386773,1.9464863,1.6339991,1.3669717,0.92330299,0.39550132,0.15120916,0.17027913,0.19595195,0.20942065,0.28006376,0.30665275,0.2532283,0.32710699,0.35163837,0.4472226,1.0622393,1.8810599,1.4916769,1.0249485,0.21647282,-0.21343201,0.12551383,1,0,0,1
-1.3811628,-2.1080039,-2.1890085,-2.9056114,-2.6621001,-2.4489831,-1.9436788,-1.60098,-1.1250696,-0.67298791,-0.7389606,-0.72258506,-0.29149922,0.18331228,0.24838512,0.099346542,0.14113423,0.20795865,0.15585658,0.10729864,0.19510142,0.16245816,0.14561969,0.13214938,0.16718976,0.2529423,0.20837365,0.26755827,0.32445343,0.24420748,0.23926131,0.2912616,0.28813235,0.35233238,0.37070591,0.27965167,0.16307554,0.090815666,0.078477741,0.0053778133,0.07210888,0.14950262,0.16589555,0.24735658,0.11620832,-0.02709491,-0.07711509,-0.094730648,0.20458105,0.4239678,0.60763767,0.59283372,0.31254515,0.06467818,-0.022071525,0.219552,0.48603813,0.68124395,0.81494761,0.85458828,0.86085756,0.73773934,0.72526854,0.74526215,0.70773182,0.75477944,0.66963149,0.71352221,0.64934794,0.5297724,0.5181302,0.46134443,0.47640662,0.71316887,0.96042121,0.77186994,0.32190099,-0.029549284,-0.10175734,0.097640224,0.13349973,0.168209,0.24850983,0.070878578,0.07309946,0.17904994,0.20793622,0.37944119,0.44870248,0.33460539,0.28924758,0.34616402,0.35563644,0.32523001,0.3292649,0.26972503,0.34149775,0.35639557,0.36038429,0.37922963,0.4004613,0.44715669,0.33483884,0.33960044,0.39562109,0.41089009,0.38345022,0.13873709,-0.044760507,0.099493233,0.32535771,0.62310575,1.0426076,1.0845996,0.56706313,0.17692483,0.15639467,0.10463136,0.052267161,0.12028432,0.29520055,0.64436693,0.83155069,0.66077649,0.47416276,0.37882128,0.40245178,0.6265773,0.88020071,0.91830729,0.69700802,0.27623647,-0.3666961,-1.0574937,-2.0839187,-3.0779684,-4.4232803,-4.1207708,-4.1162521,-2.2826805,2,1,0,1
2.7100674,1.8866243,-0.89761212,-2.4515981,-3.774083,-4.2310977,-3.1708509,-1.7435456,-1.3797084,-0.75510511,0.41090885,0.62556183,0.63888769,0.52997379,0.65495352,0.46552177,0.46740281,0.57492547,0.40172474,0.34070814,0.30746285,0.31679394,0.23624776,0.23292112,0.1795468,0.05333089,0.096073146,0.003520486,-0.17153378,-0.10857449,-0.22506753,-0.34214662,-0.46626415,-0.34794919,-0.48969197,-0.6193552,-0.62688835,-0.56432505,-0.6651093,-0.60884063,-0.6396038,-0.57649838,-0.40056295,-0.33510351,-0.25772929,-0.21401651,-0.0040001037,-0.0056770492,0.18111818,0.25431866,0.30023041,0.31254941,0.45214244,0.43823752,0.34963573,0.39511032,0.29867969,0.31588507,0.37892037,0.32583732,0.31743561,0.33321405,0.45067076,0.52692462,0.50678255,0.50745217,0.56944223,0.53713078,0.62644246,0.56463508,0.47161405,0.65846919,0.51641121,0.57603338,0.62228345,0.63712218,0.65749231,0.65647532,0.55995809,0.7210834,0.61035333,0.58935446,0.52756507,0.43444913,0.40773633,0.29158821,0.30319724,0.31573006,0.27830929,0.38700693,0.15349123,0.098211942,-0.0044541482,0.088482207,0.039565539,0.082955575,0.014911101,0.033296709,0.0097054892,0.18746798,0.45366569,0.81671692,0.86915635,1.0202737,1.1537537,1.3452041,1.8984191,1.8952045,1.8365824,1.761732,1.1992383,1.1898292,0.82013788,0.34997333,-0.1743698,-1.0720032,-1.3174208,-1.4655313,-1.3985518,-1.3242566,-1.5436322,-1.5004826,-1.4147289,-1.4102752,-1.4778603,-1.5440697,-1.5514119,-1.4949011,-1.4818615,-1.3643815,-1.2143886,-0.70278037,0.013427345,-0.11860358,0.35203669,0.58372133,0.64517644,0.34167,-0.32290813,0.41921983,1,0,0,1
-3.1223484,-2.5431206,-1.8443124,-3.9673677,-3.8032066,-3.406926,-1.718066,-0.86541397,-0.38057974,0.43801296,0.7475648,0.92782347,0.86304296,0.9466442,0.86790998,0.71926278,0.51122492,0.48682036,0.72450419,1.3376015,1.6561162,2.0177155,1.9915028,1.8945439,1.8557692,1.8221905,1.7867371,1.7024507,1.6455139,1.4108362,1.318822,1.0788018,0.91285936,0.83573441,0.61248514,0.49524663,0.38212392,0.41644752,0.38025186,0.37860099,0.42937078,0.45913101,0.45708123,0.44290242,0.46769478,0.52510424,0.44002674,0.41985919,0.39347531,0.38426339,0.3724145,0.25018558,0.30265429,0.20797572,0.18279906,0.1008219,0.063829269,0.039987606,0.057169511,0.020708663,0.06362381,0.038726667,-0.084770693,-0.058815901,-0.038860814,-0.11574367,-0.089386271,-0.16195139,-0.085630729,-0.090364295,-0.23178535,-0.10020978,-0.035733166,-0.06255741,-0.16913751,-0.26781561,-0.24426874,-0.26918291,-0.26110957,-0.27520876,-0.24816093,-0.27613141,-0.30122396,-0.30206241,-0.21927271,-0.25366078,-0.27282324,-0.25610526,-0.28230996,-0.39022297,-0.36659664,-0.32108626,-0.31834612,-0.26350558,-0.35298629,-0.30905773,-0.3116834,-0.39163382,-0.26723983,-0.38998782,-0.30872953,-0.30129698,-0.23907696,-0.36885184,-0.37921383,-0.35061512,-0.41121359,-0.37048748,-0.35528012,-0.42758368,-0.41381261,-0.4283822,-0.3550091,-0.28971331,-0.10645953,0.17900487,0.41507829,0.90856449,1.3403543,1.4802744,1.2471883,1.0482826,0.67250901,-0.050796329,-0.62850733,-0.96602877,-1.007405,-0.91620895,-0.99264641,-0.92610941,-1.0656269,-0.96021866,-0.93015316,-0.96230783,-0.067611476,0.67877948,0.26840424,0.30985789,-0.9658777,-1.9000704,1,0,0,1
0.43301178,-1.6239886,-3.0421669,-3.6295909,-1.9099863,-1.0856118,-2.5826517,-1.4236722,0.80155148,0.52894096,-0.1230353,1.0287849,0.57765652,0.49314117,1.1957262,-0.11451026,-0.6142235,0.092365138,-0.41307111,-1.4175912,-0.071487385,1.054306,1.4136709,1.0175209,0.073944336,-0.030316112,-0.67328247,-1.3390665,-0.025526493,-0.31220154,0.45882978,1.6251238,0.37607986,-1.3329578,-0.74562624,0.9133723,1.0601205,-0.33274697,-0.84559126,0.28276753,-0.63604003,0.43511943,0.92781292,1.1016953,0.6453248,-0.34630226,-1.0322796,0.1555502,0.52285872,-0.5823526,0.013753649,0.0034212288,0.84707595,0.43190198,0.28079435,-0.92125705,-1.2153509,0.87173328,0.70384872,0.35336846,1.0204406,0.36060055,-1.3333595,0.64042889,1.4571916,0.41333628,0.1646616,0.15482608,0.47616002,0.58563815,-1.6895397,-1.6111993,1.2147114,1.7101741,1.172505,0.86200953,-0.81187151,-2.1937141,0.10647159,0.051782543,0.39311508,1.0893793,0.48381041,0.21436483,-0.21377235,0.68919025,0.25460343,-0.57527502,1.0175418,0.43810935,-0.36868728,0.15938575,-0.34658518,-1.7488487,-1.2230627,0.12712182,0.3995834,-0.77337916,0.36469265,1.6950937,1.0840892,1.4749105,2.3058736,1.738593,0.55587505,-0.48967265,-1.0448217,-0.46573032,0.80651668,0.028290145,-1.2184019,-0.30023329,0.72751851,-0.21373651,-1.2790246,-0.43024844,-0.55431899,-1.0765476,-0.91210846,-1.5623746,-0.48069361,0.24741715,-0.031459546,0.69855348,0.74908279,0.37171553,-0.21863568,-0.30518741,0.30854949,1.0630686,1.4014367,1.4170457,0.60974713,-0.10990297,0.36943863,-0.49785652,-1.2351176,-0.26014356,0.53470636,-0.93253559,1,0,0,1
1.1058128,0.28812066,-3.0508488,-4.4031899,-4.1793367,-2.9649908,-1.4600124,-0.94892336,-0.16113147,0.64640077,0.82760961,0.72373757,0.48296875,0.42798089,0.70879213,1.1960501,1.5556561,1.861296,1.7976724,1.6203421,1.5258127,1.5896279,1.6192494,1.5681318,1.4914089,1.4135744,1.5156117,1.3977103,1.3473906,1.291414,1.1604003,1.1408592,0.94046108,0.77960573,0.66730075,0.60017633,0.5055734,0.54138882,0.53340522,0.49371616,0.61345703,0.58177328,0.6473857,0.54644127,0.66670711,0.70682379,0.56597786,0.53934727,0.56191668,0.59153797,0.43965208,0.44890951,0.39833543,0.40651759,0.37634822,0.29762687,0.34159769,0.22665873,0.19152299,0.24008896,0.11169091,0.084458581,0.09039425,0.097929674,0.080639169,0.076213669,-0.031041809,-0.042985208,-0.018889873,-0.058992031,-0.15944003,-0.11247751,-0.10218468,-0.14309493,-0.18427347,-0.13447805,-0.22035807,-0.21129382,-0.31152525,-0.29545152,-0.1902542,-0.34164585,-0.31382101,-0.30658181,-0.38727243,-0.33259646,-0.48524131,-0.51954207,-0.42342829,-0.43452057,-0.50577537,-0.42639614,-0.42689024,-0.52365639,-0.54961369,-0.577187,-0.58797736,-0.68312667,-0.69607272,-0.66814989,-0.65183801,-0.64903946,-0.69554772,-0.5888394,-0.62971708,-0.71344967,-0.68700597,-0.73359943,-0.67908634,-0.74864753,-0.57720565,-0.3631646,0.038824659,0.19812974,0.4306508,0.78879266,0.80948999,0.69810674,0.48076767,0.17261535,-0.209646,-0.78195703,-1.1609828,-1.2616011,-1.1403291,-1.315774,-1.2377815,-1.2638501,-1.3612395,-1.3321924,-1.2828903,-1.2026128,-0.60198093,-0.048253327,-0.018226749,0.21832905,0.38067662,0.17317542,1.2011818,-0.37482374,1,0,0,1
-3.0430836,-3.0925401,-1.6930967,-3.5260788,-3.500866,-3.1632593,-2.1119168,-1.0375939,-0.48704047,0.12723317,0.61099601,0.67825118,0.43618152,0.47275466,0.49501039,0.77649292,1.2169002,1.4741312,1.7608152,1.6556212,1.6730028,1.6687346,1.7243011,1.7395617,1.7666299,1.8065729,1.7794034,1.7549994,1.7230803,1.6505331,1.5189353,1.3445103,1.2046406,1.0931127,0.89083304,0.80860438,0.7279245,0.5802932,0.5995656,0.58771631,0.51733701,0.58348053,0.56802649,0.52863554,0.55521133,0.56412961,0.54435631,0.48856447,0.53670537,0.51210767,0.42457205,0.43351422,0.37005793,0.24511835,0.24049035,0.23354928,0.23085397,0.15907989,0.061181609,0.13341451,0.051946691,0.049790752,-0.044600031,-0.15562517,-0.16883306,-0.21481586,-0.22092399,-0.3084683,-0.22320471,-0.33977375,-0.34709426,-0.37830974,-0.34142244,-0.40123838,-0.41581079,-0.47486011,-0.46959918,-0.41430629,-0.47745933,-0.51334044,-0.46193083,-0.55398838,-0.51457606,-0.54613717,-0.54762958,-0.53302668,-0.59757562,-0.56248682,-0.57115432,-0.5519609,-0.5502534,-0.54690472,-0.50751722,-0.48972596,-0.50933538,-0.49621089,-0.49717981,-0.46741151,-0.42084198,-0.50448222,-0.5436033,-0.5416419,-0.39028939,-0.54962475,-0.43123214,-0.50578238,-0.53981658,-0.4731847,-0.46147326,-0.422086,-0.43724379,-0.46845612,-0.33744496,-0.2665412,-0.002262389,0.29076012,0.37640951,0.75622633,1.1005516,1.0514278,0.85618585,0.73941084,0.38546808,0.017671863,-0.55438705,-0.80288595,-0.78672241,-0.74014444,-0.64632303,-0.68824184,-0.65812519,-0.75065184,-0.63230046,-0.57409825,0.0048669186,0.59464003,0.58601481,0.60140372,0.30528929,-0.84573922,1,0,0,1
-0.70425837,-1.7697846,-1.2208828,-2.1272548,-2.0767462,-1.9999319,-2.3738512,-2.2335888,-2.2169744,-2.2924336,-2.1512313,-1.9322626,-1.6131938,-1.2678448,-1.0942418,-1.1386486,-1.0335812,-0.65652314,-0.34739542,-0.27108931,-0.2207561,-0.13113832,-0.11100788,-0.14653938,-0.19326459,-0.2454551,-0.15935859,0.027052523,0.040502476,-0.085277773,-0.15437335,-0.18306821,-0.16648547,-0.06537357,-0.035220208,-0.1478997,-0.19697863,-0.060453718,-0.02796161,-0.14138368,-0.092704352,-0.033579285,-0.10611049,-0.084440067,-0.073806954,-0.060518583,0.040440074,0.017518074,0.054298109,0.20991471,0.19229928,0.1455393,0.17373562,0.12369971,0.15665828,0.27800979,0.20877704,0.15478767,0.32531617,0.33870392,0.29344001,0.45631492,0.49583158,0.40385043,0.35476602,0.28632157,0.37714887,0.60586492,0.63260855,0.55493531,0.63480876,0.73927507,0.71650389,0.68337458,0.69088555,0.79533838,0.97614107,1.0112538,0.87798743,0.79160398,0.8523458,0.95213644,0.92552031,0.8276074,0.82479593,0.85506899,0.818495,0.79305698,0.83013908,0.825986,0.79354863,0.86375276,0.98281622,0.96433875,0.84952404,0.73355107,0.62699585,0.60292901,0.64515971,0.75511053,0.94744445,0.97179675,0.825988,0.78978503,0.80518009,0.79836162,0.83164823,0.84649694,0.82847811,0.83451618,0.73156667,0.63503831,0.76914727,0.71602815,0.48512293,0.64804869,0.87261459,0.92072549,1.0308763,0.91455681,0.70496753,0.71406755,0.48033769,0.099037299,0.37232595,0.93587394,0.92849128,0.60156515,0.32839353,-0.2489738,-0.98069415,-1.3032309,-1.785835,-2.1479829,-2.0155615,-2.5871913,-2.4101744,-2.1523718,-3.4174593,-0.062517523,2,1,0,1
-0.03594174,-0.27819632,-0.38375438,-0.3727249,-0.13322346,-0.27698825,-0.42173103,-0.34688683,-0.17848876,-0.23167341,-0.33658328,-0.36185316,-0.39472756,-0.27869383,-0.43282635,-0.47154981,-0.25778203,-0.2212151,-0.50988523,-0.61322237,-0.52728633,-0.42310865,-0.35329614,-0.43583758,-0.47465857,-0.56081595,-0.6298408,-0.32000241,-0.16477071,-0.12716885,-0.2542404,-0.38167703,-0.18103816,-0.079146549,0.0055061941,0.17496344,0.056961658,0.15747088,0.19106629,0.1036615,0.081361279,-0.00043422405,0.083364445,0.26657818,0.19222838,0.068638075,-0.039912439,-0.010877671,0.084594449,0.11324985,0.31539678,0.048520299,-0.057953596,0.13753469,0.28042693,0.096707309,0.016027691,0.08250228,0.25014234,0.41530302,0.51669519,0.57008307,0.52925349,0.62179339,0.65384684,0.68988785,0.66758986,0.76422407,0.75545274,0.61065201,0.53165018,0.56035374,0.48819073,0.61981582,0.68931228,0.51892443,0.50861831,0.53729969,0.83561964,1.0504299,1.0520813,1.0422228,1.32396,1.5725561,1.836701,2.1411136,2.0524633,1.9747949,1.9915372,1.7877544,1.3901971,1.0999058,0.82331555,0.69379178,0.37016199,0.10351141,-0.15145786,-0.30922505,-0.3255634,-0.29672621,-0.42837449,-0.27819081,-0.31271101,-0.36018885,-0.33416367,-0.25912905,-0.073196109,-0.29171138,-0.49868986,-0.41435682,-0.11853838,0.33292736,0.86438664,1.1097002,0.88892184,0.93933787,0.99555397,0.8067606,0.51315745,0.10589958,0.47615629,0.68152015,-0.1672576,-1.6829375,-2.7097641,-3.4355172,-4.2796184,-4.2900157,-3.6475984,-2.2284106,-1.6046026,-1.4703591,-0.69271005,-0.47049683,-0.45414559,-0.34407644,-0.41212822,-0.41674938,-0.24737942,-0.34628536,1,0,0,1
-2.8587072,-3.2174073,-3.2196438,-2.9398912,-2.6358864,-2.2523997,-1.8508224,-2.033682,-1.4021531,-0.49099336,-0.87097522,-1.3503758,-0.79212467,-0.71270062,-1.0093998,-0.38291541,-0.27751276,-1.0746102,-1.449527,-0.98414875,-0.61556153,-0.60679403,-0.7958762,-0.73032472,-0.74387441,-1.0648597,-0.95019278,-0.72018246,-0.29315163,-0.21399673,-0.5730241,-0.8787985,-0.96241542,-0.54796079,-0.30139762,-0.098944661,-0.6577726,-1.208391,-1.0659547,-1.0981629,-0.77526743,-0.75437963,-0.52938231,0.11328358,0.12265513,-0.20447814,-0.32626324,-0.64862184,-0.38753277,0.42593796,0.42165129,-0.30244481,-0.40249062,-0.19153024,-0.58211716,-0.55657138,0.24778192,0.59089012,0.22828258,-0.064421129,-0.10424907,0.20213219,-0.067969455,-0.69561732,-0.40259181,0.40224415,0.2393054,-0.18979107,0.31338132,0.46603649,0.14332231,-0.29971798,-0.21599846,0.32549261,0.54646352,0.80256673,1.0047248,0.92836985,0.61760457,0.36495111,0.26728537,0.23280375,0.44082956,0.28548641,-0.38136539,-0.24901076,0.72983647,0.95387483,0.8444672,0.8197814,0.62601122,0.11764844,0.10940883,0.94265193,1.0031797,0.92137587,1.1011278,1.1228032,1.3827507,1.4580874,1.2508727,1.7046653,1.7347735,1.3925825,1.4584666,1.3699873,1.2430343,1.2220555,1.1085288,0.79127925,0.65624516,0.12961001,-0.73457015,-0.12795082,0.81825267,0.49911831,0.12299355,0.63155905,0.92488538,0.75725394,0.31360079,-0.099918689,0.45073432,1.0407059,0.86882487,0.76030577,0.98441393,0.69498351,0.77678028,1.391257,1.1609501,0.97987421,1.4466408,1.1957355,0.44227802,0.39386817,0.70702706,0.6565789,0.58116037,0.69939375,1,0,0,1
0.68182601,-1.4171659,-3.2574569,-3.9651073,-3.7440488,-2.6825638,-1.40122,-0.53048142,-0.27045514,0.44622055,1.0359139,1.0344982,1.0305387,0.92425125,1.0336285,0.99968083,0.8780428,0.87393226,0.91297231,0.91115824,0.75446546,0.91852839,0.72300592,0.59116552,0.66589152,0.5922382,0.56187864,0.58366787,0.36004303,0.25778697,0.33449375,0.32038315,0.10336808,0.14212736,0.1149648,0.03807286,0.23142975,0.16386182,0.20018502,0.13823561,0.18209859,0.2248623,0.27060629,0.36194116,0.45606828,0.44016737,0.47730397,0.50981856,0.44394582,0.5577819,0.54073824,0.42257978,0.44328004,0.43832804,0.41850856,0.43252753,0.47367655,0.38234177,0.44452386,0.39743579,0.32911622,0.39271583,0.28635722,0.47172181,0.46394461,0.36107641,0.49127498,0.49712611,0.43826396,0.5375343,0.49492726,0.61498015,0.58505592,0.556335,0.57834295,0.51391086,0.57796963,0.44580247,0.53961919,0.50079155,0.42973734,0.36116817,0.19069557,0.30627224,0.095312207,0.1586865,0.031021669,0.11771543,0.089647964,-0.046757568,-0.0030011682,-0.053259755,-0.090622101,-0.15148066,-0.15683257,0.058235524,0.13531648,0.1985096,0.24474037,0.48193232,0.73413537,1.0420664,1.3807275,1.6710726,1.7602802,1.5471506,1.1939106,0.97295344,0.66423574,0.12413494,-0.22024263,-0.776127,-1.045737,-1.3110543,-1.4541121,-1.4230853,-1.4631975,-1.5815439,-1.5323252,-1.5090983,-1.4461187,-1.5689422,-1.6048266,-1.5867943,-1.6086553,-1.6284411,-1.6772741,-1.601593,-1.4116707,-0.84210019,-0.31733274,-0.17809066,-0.0074200122,0.025722774,-0.23045447,-0.86097164,-0.83213705,-0.23410436,-0.15366891,-2.6916675,1,0,0,1
-0.87062624,-2.2663408,-4.2985042,-4.5471764,-3.8287393,-2.7515441,-1.5016103,-0.95637264,0.1721316,0.7131572,0.8588374,0.90883192,0.95374634,0.75442895,0.82793248,0.56528729,0.41600297,0.54667163,0.82189245,1.2990053,1.799101,1.9158563,1.696306,1.7908847,1.6624867,1.6585641,1.6073448,1.575434,1.3336801,1.1865539,1.1521374,0.99376384,0.91039784,0.69798788,0.62406697,0.57812306,0.63716894,0.56718033,0.56640076,0.58062782,0.67537495,0.69381556,0.7286493,0.74878038,0.86714462,0.78048185,0.69796478,0.69751598,0.70667004,0.60848799,0.47965205,0.47187807,0.40292827,0.29593177,0.28301175,0.25227866,0.27433999,0.28316127,0.17143512,0.080310492,0.091623299,0.1470619,0.18423534,0.036195503,0.042441276,-0.086154113,-0.042295615,-0.11293728,-0.17594336,-0.15786838,-0.12350148,-0.21827587,-0.23062898,-0.25866175,-0.28575418,-0.24820703,-0.36731227,-0.38140562,-0.33176616,-0.31544461,-0.40128604,-0.40005756,-0.24898653,-0.29521193,-0.46324292,-0.51611863,-0.34522086,-0.35006248,-0.44564031,-0.50709184,-0.57613727,-0.3207278,-0.38819331,-0.45924777,-0.54515592,-0.55591425,-0.50802416,-0.40901698,-0.50240113,-0.50625881,-0.49306504,-0.41043344,-0.51793428,-0.53840211,-0.53375421,-0.53490846,-0.55089255,-0.52232044,-0.65496956,-0.4884648,-0.49310602,-0.48535661,-0.31408024,-0.17769041,0.23073261,0.41613472,0.6643886,1.0849046,0.92389361,0.68830433,0.33351093,0.066552135,-0.29008171,-0.72516999,-0.90638801,-0.87120123,-0.87824355,-0.93234849,-0.89122771,-0.82655001,-0.90636461,-0.88882665,-0.67577271,-0.017394978,0.96251593,0.8552739,0.89874102,-0.36194238,-0.72154143,-0.48881583,1,0,0,1
-1.6546815,-2.6844184,-3.2013033,-3.4390101,-3.2416107,-2.8891592,-1.7393602,-0.76524954,-0.46898133,0.16842356,0.67829372,0.87853206,0.68981016,0.80026388,0.78456299,0.68723819,0.7677677,0.80583596,0.6042614,0.57459895,0.74259962,1.0323146,0.9379499,0.90423159,0.90780465,0.782602,0.71379212,0.70962209,0.70982115,0.76079507,0.61195393,0.65859375,0.78157131,0.75774961,0.87704645,0.81216813,0.71327036,0.59196793,0.62500397,0.68167858,0.66675771,0.76689657,0.74296263,0.85130708,0.75917365,0.78203778,0.82633141,0.89838122,0.97436467,1.0333538,0.87602388,0.78499246,0.91020451,0.91377492,0.82311204,0.39810752,0.40863288,0.68133702,0.71990043,0.81481497,0.54670584,0.35916308,0.53473388,0.28884528,0.34977691,0.34171196,0.056943427,0.15789342,0.094301681,0.1324225,0.1238767,-0.069447561,-0.45759835,-0.31345897,-0.13137085,-0.32275212,-0.41121919,-0.18576983,-0.14627595,-0.0011147137,-0.21921654,-0.54661761,-0.36170735,-0.39654415,-0.44519205,-0.3544897,-0.54033511,-0.57261385,-0.51459717,-0.49173449,-0.42852066,-0.27918318,-0.15514013,-0.18187501,0.022068115,0.36522945,0.59730958,0.74984567,1.123002,1.3336753,1.2643146,1.0855547,1.0099838,0.87387755,0.5768665,0.2775571,-0.046041957,-0.40118958,-0.7978717,-1.1799637,-1.3189321,-1.1961722,-0.82334628,-0.75242764,-0.71819288,-0.89324043,-0.97072904,-0.88915636,-0.88749032,-0.88970913,-0.87392748,-0.76440108,-0.78270013,-0.70221311,-0.66292251,-0.59554105,-0.14161164,0.64103305,1.0580198,0.81274615,0.71063386,0.76722309,0.33320598,-0.20203747,-0.9684495,-1.5610014,-1.4210403,-1.5177347,-2.0936382,-3.3108827,1,0,0,1
0.27986466,0.024515753,-0.24535844,-0.74836142,-0.97741766,-1.0803828,-1.2643696,-1.5176446,-1.740545,-1.8262214,-1.818099,-1.6059753,-1.2506443,-0.89159032,-0.4644388,-0.18038123,-0.12117316,-0.0088882761,0.21405758,0.47571025,0.66739755,0.70484456,0.68475876,0.665104,0.68064196,0.67797842,0.60845685,0.6198581,0.66281218,0.6568787,0.68665111,0.65822813,0.60594849,0.64145931,0.66138799,0.64754946,0.6108266,0.56653693,0.58689622,0.60660104,0.58943363,0.56555101,0.55995572,0.59476317,0.58400096,0.55062192,0.54310506,0.51879227,0.57044189,0.57191349,0.46848755,0.49335401,0.47679192,0.37509842,0.38292571,0.36994897,0.36219386,0.38417276,0.31856918,0.28809456,0.2934182,0.23266221,0.20337895,0.22464382,0.19251532,0.15745516,0.20224627,0.22192995,0.16440579,0.14825779,0.17415168,0.17420425,0.18760141,0.21136685,0.22005579,0.24380733,0.25470307,0.25135733,0.28358409,0.32165927,0.3309638,0.35694993,0.40663948,0.45299915,0.48079964,0.47005456,0.50173693,0.56428667,0.55287055,0.5745983,0.61324312,0.57259592,0.55430809,0.54278089,0.54254017,0.58047953,0.57203487,0.57531923,0.57644478,0.53771352,0.54828798,0.53750539,0.49970184,0.5061635,0.51788502,0.52649798,0.48909845,0.47705383,0.53559639,0.499031,0.45560962,0.44339155,0.36942791,0.34303001,0.25582704,0.10488098,0.10402868,0.12687555,0.11047422,0.11315935,0.067834656,0.012302927,-0.02197765,-0.074397654,-0.061852003,0.015758163,0.0056271362,-0.073473065,-0.28462155,-0.72953952,-1.2505073,-1.7737499,-2.4055043,-2.9200469,-3.3238777,-4.0778119,-4.2376382,-3.7072291,-3.5112116,-1.6560639,2,1,0,1
-1.6722675,-2.1402525,-2.2481652,-2.5419846,-2.4357774,-2.3169562,-1.9794273,-1.4915799,-1.0051022,-0.85282734,-0.81056376,-0.59797614,-0.30217305,-0.20442079,-0.23360372,-0.21942773,-0.26510259,-0.28231609,-0.2402308,-0.25201838,-0.27026762,-0.2522438,-0.23536684,-0.22823461,-0.23857519,-0.18887637,-0.16317236,-0.18108763,-0.22625915,-0.21151667,-0.19554,-0.19239202,-0.23422163,-0.25717251,-0.25570597,-0.24824024,-0.22375877,-0.24588071,-0.26151954,-0.23923668,-0.20376342,-0.19192457,-0.19333993,-0.20025106,-0.20657115,-0.14639804,-0.089638858,-0.14558508,-0.19493207,-0.12500194,-0.084611192,-0.10340013,-0.080026255,-0.071965895,-0.049561936,0.0068546894,-0.055225901,-0.027042861,0.022984655,0.0087994166,-0.015667265,-0.067011393,-0.048852384,-0.005016785,0.047730624,0.023277069,-0.045083621,-0.014918543,-0.070529404,-0.10140549,-0.077730561,-0.10066011,-0.15619093,-0.10760325,-0.058768211,-0.13969089,-0.14531061,-0.14273093,-0.066888737,-0.086475018,-0.12666491,-0.069171291,-0.10252557,-0.069410836,-0.070774378,-0.055529503,-0.055987182,-0.013601323,0.018274215,0.064440083,0.039201032,0.026344153,0.13152702,0.081175572,0.11488078,0.15203831,0.1374021,0.22682205,0.19417273,0.1922003,0.21217084,0.2523359,0.28700568,0.27400279,0.2887677,0.3479589,0.45553289,0.48471121,0.57939835,0.67735036,0.87456423,0.94033373,0.97097358,1.1030952,1.3037658,1.3550045,1.4486173,1.5710565,1.6910789,1.8329089,2.0514996,2.1321821,2.3230508,2.5028727,2.5029602,2.3990054,2.1381621,1.9710039,1.8470025,1.4379498,0.98566501,0.77378946,0.57277626,0.54564554,-0.11978192,-1.2333958,-2.1629244,-2.5026314,-2.9839305,-2.7947783,2,1,0,1
-1.3030206,-0.83573384,-1.9336432,-2.0941731,-2.0284242,-1.2530717,-0.52638419,-0.089286055,-0.075570262,0.37087274,0.56641514,0.54260697,0.66120511,0.62478578,0.74206922,0.76770203,0.81973843,0.83575403,0.76076096,0.810966,0.81676023,0.88771521,0.89174739,0.8773625,0.88914292,0.86542553,0.89386026,0.89201552,0.85169367,0.85787697,0.83075731,0.84066739,0.86143787,0.85443077,0.80275337,0.81368448,0.82725805,0.80169446,0.81090428,0.81251068,0.76062407,0.85654481,0.82027639,0.84261376,0.89253734,0.87871009,0.91692618,0.92074955,0.93076699,0.92411482,0.89323924,0.8905934,0.86815092,0.8587365,0.83566276,0.86055672,0.80957157,0.80881976,0.8124701,0.78026833,0.74263139,0.76955082,0.70105774,0.71234976,0.74905355,0.68849888,0.65563858,0.63433165,0.63424225,0.61954238,0.60554116,0.60386412,0.63192047,0.64380565,0.62248843,0.54083441,0.57723915,0.56744077,0.5452366,0.48594813,0.43449276,0.44157307,0.29381854,0.37884949,0.30169139,0.29475793,0.17388861,0.15492094,0.13691102,0.10333051,0.064525529,-0.0054644137,-0.0094917805,-0.042242433,0.023538237,-0.0029253153,0.04075206,0.080134204,0.10303823,0.18246003,0.17620752,0.21093554,0.20355986,0.12881945,0.12110438,0.060584472,-0.036151344,-0.15961655,-0.36931579,-0.48888316,-0.72671667,-0.9907283,-1.1305635,-1.2866509,-1.2419721,-1.2872355,-1.3568661,-1.3885793,-1.5454447,-1.5029597,-1.6047399,-1.5635551,-1.6108548,-1.6646911,-1.8351136,-1.8489584,-1.8305961,-1.7802969,-1.7431385,-1.4554523,-1.4582311,-1.6675632,-1.5977218,-1.6793259,-1.6771795,-1.6936553,-1.794051,-1.3593591,-2.0812025,-2.8288176,1,0,0,1
-1.5072043,-1.0575419,-1.6719663,-4.2170619,-4.1800477,-3.5827945,-2.8303749,-1.7169118,-0.094419396,-0.01841118,0.47160837,0.97828575,0.97596255,0.54930901,0.61125389,0.58444196,0.64397086,0.7573642,0.74930515,0.92115673,1.0034284,1.0422968,1.1257863,1.1009125,1.0680213,0.97045641,1.183541,1.2626504,1.0851998,1.2646986,0.87794977,0.79145343,0.70258096,0.65811116,0.75841732,0.59789268,0.52863133,0.22479328,0.20430666,0.11344054,-0.027808808,0.033926062,-0.31577375,-0.20460804,-0.13889007,-0.22493189,-0.33012588,-0.34038096,0.08224044,0.17252613,0.096280951,0.18412408,0.29549461,0.19697416,0.20180626,0.35233848,0.28749653,0.15750809,-0.045102718,-0.094706071,5.213746e-05,0.035875229,-0.25707409,-0.30645665,-0.35560572,-0.33074823,-0.24375277,-0.28464269,-0.29340051,-0.31086116,-0.41399639,-0.34399223,-0.44243406,-0.54093273,-0.47266206,-0.41182134,-0.47648757,-0.40284837,-0.48467997,-0.39036194,-0.4193814,-0.23666853,-0.41615841,-0.32717366,-0.4021518,-0.38413846,-0.25576815,-0.2517768,-0.4049106,-0.4618207,-0.51305034,-0.2726415,-0.58273895,-0.33966052,-0.48906869,-0.29306098,-0.45308822,-0.29111052,-0.18235979,-0.38229027,-0.30330066,-0.29039881,-0.21822939,-0.21451781,-0.21240708,-0.15158583,0.16169902,0.2940275,0.57287502,0.76702783,1.1997417,1.7485627,2.2604808,2.13669,2.0009476,1.5285925,1.1962305,0.80402778,0.25911611,-0.5970248,-0.85990804,-1.1211243,-0.98578575,-0.97614239,-1.1446977,-1.0501302,-0.96246106,-0.96567465,-0.81957144,-0.85171741,-0.95274175,-0.4509284,0.86234951,0.88819071,0.90387756,1.3421972,1.3064027,0.98754857,1.3874429,1.337288,1,0,0,1
0.030321476,-0.18798645,-0.56725497,-1.0027868,-1.1666466,-1.3993243,-1.593374,-1.6318003,-1.394951,-1.0268226,-0.77727958,-0.64742989,-0.57042511,-0.33202889,-0.099900215,-0.097999669,-0.14858176,-0.13135304,-0.16102224,-0.16547479,-0.1215064,-0.11748766,-0.15403744,-0.084649433,-0.11098089,-0.14332519,-0.16801893,-0.17436346,-0.19114527,-0.17062136,-0.20536844,-0.17188597,-0.19653962,-0.18934229,-0.2109829,-0.27742213,-0.23269778,-0.22449042,-0.23699484,-0.28575315,-0.26110234,-0.32214776,-0.30925597,-0.3559109,-0.34865307,-0.35097057,-0.37908096,-0.42574238,-0.41986443,-0.41159214,-0.37976328,-0.40934316,-0.41532982,-0.44467993,-0.44145173,-0.40355739,-0.38778792,-0.36797467,-0.37948579,-0.38961686,-0.33391031,-0.26560292,-0.24397915,-0.2155692,-0.2198546,-0.19372384,-0.17207636,-0.13002748,-0.12106309,-0.071873124,-0.063751746,-0.067084557,-0.050623759,-0.075136909,-0.047557561,-0.094047964,-0.093074108,-0.085666372,-0.03858801,-0.0057966988,-0.038749426,-0.019160992,-0.023860367,-0.026668981,-0.047030621,-0.083003182,-0.0544456,-0.036220569,0.018572637,0.043720106,-0.0041342631,0.0071005066,0.024766518,0.050249461,0.04219109,0.035164685,0.12721323,0.06536603,0.11382331,0.18320191,0.16103126,0.18280561,0.2358375,0.20534489,0.18631227,0.2632665,0.36300699,0.41433565,0.50788248,0.63150641,0.73876019,0.8886179,0.95170773,0.90602693,1.0899923,1.3557292,1.4319788,1.5917089,1.7221428,1.9410843,2.1812539,2.4046526,2.6176072,2.8442576,2.9613996,2.7986047,2.3956796,2.1820599,1.8724134,1.3155294,0.95938506,0.71256531,0.54557653,0.12731766,-0.95716325,-2.0962286,-2.9220511,-3.3996073,-3.1370883,-2.6212851,2,1,0,1
0.5300435,-2.1008794,-3.3297065,-4.214627,-3.7060609,-3.0238627,-2.0784632,-0.80147853,-0.17926241,-0.19422422,0.31135613,0.64667992,0.80900671,0.77279633,0.65367904,0.76762952,0.79247467,0.79860636,0.80376615,0.60023503,0.65652211,0.82644104,0.6118675,0.58558752,0.52860808,0.50466192,0.73434733,0.64025161,0.38041179,0.28165661,0.034695458,0.18041487,0.72625091,0.81326892,0.78621796,0.73055289,0.67005669,0.75846738,0.8491822,0.88507297,0.81197175,0.86797536,0.96402256,0.96566858,0.9385878,0.82225762,0.9931603,1.0780705,1.0511984,0.98478702,1.0599638,1.0043445,0.89648356,0.84066025,0.68743035,0.44670418,0.47130754,0.58471608,0.59653472,0.48102839,0.38451431,0.34264014,0.32588458,0.31325605,0.23746984,0.28477238,0.17866698,-0.019726103,-0.15760042,-0.14227381,0.012683369,0.12071215,-0.11839122,-0.19433945,-0.23544875,-0.20031181,-0.06215612,-0.18550567,-0.07883229,-0.11181886,-0.26260899,-0.18381719,-0.23625565,-0.23539441,-0.24834414,-0.33230134,-0.34756057,-0.38402361,-0.39871107,-0.39669961,-0.37724082,-0.70172882,-0.62704105,-0.34734938,-0.37304766,-0.098634068,0.0040309395,0.10816345,0.40287415,0.64538515,1.2099622,1.4486201,1.4309816,1.3110683,1.1014299,0.87895039,0.66860405,0.32591191,0.033266504,-0.3631447,-0.78760027,-1.0733281,-1.2524788,-1.1603247,-1.223791,-1.2238115,-1.2966488,-1.3087382,-1.2773792,-1.1548651,-1.0656411,-1.0862957,-1.0394622,-1.0538784,-0.97215502,-1.0341094,-0.95088061,-0.63066887,-0.42351116,0.52385094,1.1353506,1.2147799,1.3156023,0.71226753,0.086357188,-0.78656683,-1.2281876,-1.2541386,-0.53311307,-2.1092926,1,0,0,1
-0.83081639,-2.582423,-3.4938468,-3.7829557,-3.0804369,-1.9160653,-1.1591666,-0.9285766,-0.35062493,-0.21769381,-0.24480965,-0.16690411,-0.16680576,-0.12664038,-0.05114788,-0.057959364,-0.12557747,-0.077826623,-0.084232884,-0.10710534,-0.04230864,-0.088632958,-0.19050208,-0.19865504,-0.19187069,-0.15381611,-0.17676829,-0.25608422,-0.23644346,-0.18139371,-0.14621856,-0.080177207,-0.01045961,0.13280184,0.17594462,0.16788427,0.28977045,0.3164657,0.29568987,0.37082669,0.36105309,0.31961018,0.25963285,0.31741012,0.36292102,0.30436904,0.39007926,0.29475129,0.20546829,0.25077174,0.37740839,0.29706619,0.32761553,0.29889775,0.42283837,0.55272262,0.48076958,0.57921208,0.58753249,0.58009433,0.68991021,0.76209303,0.73076805,0.67464948,0.74897141,0.76944095,0.72962374,0.7582868,0.69277199,0.7831364,0.83071249,0.88877445,0.98989032,1.1309422,1.2446181,1.5110082,1.8348545,2.0508222,2.0379966,1.7736018,1.6152924,1.4114753,1.1434231,0.81108616,0.44560195,0.12013608,-0.021502558,-0.03888197,0.020927671,-0.069819984,-0.05015471,-0.10526268,0.014997141,-0.010120509,-0.0085753497,0.029882759,-0.023672782,-0.019126089,0.32802729,0.87269559,0.97733376,0.93375175,0.79645824,0.58338112,0.40709218,0.50405154,0.59390895,-0.5686326,-2.237475,-3.4156562,-3.4976237,-3.0912823,-2.1676818,-1.1408663,-0.91695016,-0.27717234,-0.073981222,-0.11533415,-0.018647606,-0.01415346,-0.0059782266,-0.10578851,-0.13762295,-0.039790714,-0.054419771,-0.087376029,-0.12622493,-0.16036935,-0.1727123,-0.11990512,-0.16484671,-0.13302452,-0.1982624,-0.25588512,-0.27556267,-0.22674323,-0.17998194,-0.30038695,-0.24815786,-0.18144496,5,1,0,1
-3.0182078,-2.9946131,-1.6882534,-1.509766,-1.0793919,-0.63576387,-0.59416885,-0.5028405,-0.42153684,-0.41950726,-0.40558697,-0.4814742,-0.35827346,-0.32978122,-0.39673147,-0.45037878,-0.44181093,-0.38210397,-0.44644462,-0.33368777,-0.39088169,-0.48109896,-0.44670251,-0.3781421,-0.34189228,-0.40610721,-0.48839479,-0.5207561,-0.36491928,-0.42914225,-0.25432848,-0.15898991,-0.31671851,-0.22229813,-0.18685934,-0.022417852,0.016535596,0.075592941,0.19699702,0.12242538,0.20535746,0.2298675,0.19558946,0.16248269,0.13103318,0.2460529,0.12956929,0.26068705,0.18886561,0.14313612,0.20673164,0.15980077,0.26482218,0.20414608,0.38997552,0.3541174,0.36163748,0.3756437,0.40163644,0.48475712,0.44115814,0.46668078,0.576545,0.52040111,0.57611038,0.64656306,0.60543711,0.68659127,0.7945706,0.72062158,0.76681156,0.6536106,0.637134,0.68643944,0.67275303,0.67310023,0.62087981,0.66142308,0.54748523,0.51799872,0.57427238,0.55081714,0.48982187,0.60310299,0.71383035,0.77740118,1.0093683,1.2420185,1.3151222,1.4255153,1.6992461,1.9659083,1.965697,1.8922445,1.7961443,1.6319511,1.3848536,1.0983238,0.84596361,0.65154829,0.29873834,-0.022934152,-0.16470329,-0.039099553,-0.15455366,-0.048688314,-0.083760443,-0.147453,-0.032576538,-0.19975152,-0.13236745,-0.12637752,-0.089549893,-0.035267441,-0.11294489,0.11691937,0.68393456,1.4055993,1.4570509,1.334149,0.97226596,0.39711767,-0.26941384,-0.53543389,-0.02610798,-0.28048555,-1.6814155,-2.8484093,-3.4555171,-3.5797738,-3.3243164,-2.4127336,-1.5330882,-1.3632892,-0.96670804,-0.52676963,-0.33490268,-0.44974497,-0.51917664,-0.48141486,3,1,0,1
-1.8050305,-2.3099334,-2.2929948,-2.8136641,-3.1011431,-3.5408108,-3.6082599,-3.5532567,-3.675399,-3.2729995,-2.3806921,-1.330755,-0.62369578,-0.48186117,-0.7795956,-1.2321368,-1.1633967,-0.6692668,-0.30433464,-0.015299953,0.046639265,-0.27212759,-0.53636174,-0.55790809,-0.52830919,-0.38829629,-0.16575107,-0.084101234,-0.033203,0.099777656,0.14350586,0.087790655,-0.0093543927,-0.11439098,-0.11247002,-0.15198809,-0.20582134,-0.047944044,0.069966733,0.11122052,0.30589545,0.4301687,0.30209273,0.10203033,-0.089436097,-0.29708514,-0.31284673,-0.064224419,0.12957591,0.18539523,0.097336123,-0.099728655,-0.091782853,-0.026415694,0.18336143,0.66454655,0.7134455,0.39328219,0.19350143,0.13490475,0.3115756,0.42635908,0.29423447,0.28942777,0.30331261,0.021756816,-0.18343593,-0.028572242,0.3344194,0.74402238,0.86427252,0.62918169,0.34833735,0.20062173,0.3583676,0.74136287,0.76849917,0.29682167,-0.054011405,0.051556902,0.35320548,0.53789377,0.60868316,0.79215987,0.93127325,0.55662847,-0.15276491,-0.51673357,-0.24076551,0.45879538,0.85889344,0.37913602,-0.30969854,-0.27815314,0.13308842,0.474292,0.66606468,0.42943388,0.24320591,0.35332107,0.30148123,0.26377276,0.22932047,0.15804758,0.27723013,0.45616571,0.59118874,0.63085396,0.92846406,1.2172921,0.69867768,0.19034325,0.26489983,0.40257301,0.60043448,0.65164944,0.4452604,0.47292622,0.8168756,1.0823616,0.96677406,0.55686907,0.30429845,0.58544914,1.1432348,1.3309362,0.92408541,0.29870031,0.073414798,0.51871934,1.0736665,1.0848549,0.73820774,0.55260384,0.60744772,0.65355949,0.67815076,0.85785526,1.057307,1.0676135,5,1,0,1
-0.097520496,-0.43728547,-0.48425372,-0.72546325,-0.88653593,-0.90016307,-0.96852518,-0.98950986,-0.89768156,-0.81198672,-0.73888692,-0.57228955,-0.30147007,-0.07578929,0.0071012258,0.039143177,0.11642182,0.22935519,0.34715584,0.44384302,0.47614259,0.45018294,0.42437617,0.41837985,0.42144353,0.43317514,0.4478193,0.45607582,0.45106863,0.43459198,0.42983018,0.44285334,0.45162729,0.45757683,0.47690893,0.4808951,0.44326906,0.41717871,0.44956534,0.48876183,0.49147669,0.48869681,0.48924847,0.47573243,0.46344177,0.46646218,0.47911774,0.4840415,0.46358198,0.44581343,0.46044069,0.47631958,0.4800544,0.49387234,0.4962588,0.47426243,0.47384272,0.50146785,0.50082384,0.46678064,0.45646484,0.47942983,0.49575866,0.50250491,0.51548139,0.52106794,0.51015518,0.4985633,0.50545782,0.52762588,0.53349609,0.52327384,0.53579735,0.5601181,0.55790208,0.54848898,0.56071152,0.58034405,0.59225657,0.5947023,0.58368621,0.57568647,0.59802045,0.63270664,0.63812071,0.6302144,0.65152939,0.68445025,0.69061124,0.67821872,0.669927,0.66377146,0.64644559,0.63079464,0.64216678,0.64711641,0.61284546,0.59587138,0.61207934,0.60069125,0.58711325,0.61383666,0.62935824,0.61877523,0.60842442,0.58812862,0.57928395,0.60041981,0.60700861,0.59056399,0.56808275,0.52599242,0.47693911,0.42540996,0.33997876,0.24355332,0.17638317,0.11229726,-0.0062947135,-0.24844511,-0.62658108,-1.0163376,-1.2899811,-1.4213394,-1.450188,-1.5036471,-1.6767177,-1.8336191,-1.9674728,-2.1285058,-2.171713,-2.3060803,-2.5743694,-2.6047758,-2.8383617,-3.1863766,-2.8953552,-3.2226363,-3.9734456,-2.0529787,2,1,0,1
-0.70156078,-2.0222052,-3.9122608,-5.0071673,-4.4084159,-3.7713937,-2.6586544,-1.664412,-1.0515711,-0.1810854,0.37980644,0.60600082,0.64655931,0.74427811,0.84679222,0.93714499,1.3824834,1.5941794,1.4961195,1.4116452,1.2204649,1.1311056,1.1981532,1.2796895,1.2454781,1.3693465,1.280165,1.315308,1.3232941,1.3276953,1.1619158,1.0766172,0.95109615,0.81011718,0.65455777,0.61043944,0.36317566,0.17118252,0.13379304,0.063804764,0.037610429,0.084462035,0.077529212,0.062683422,0.052712928,0.12399374,0.055325623,0.10981309,0.10295754,0.005991519,0.1247166,0.12294709,-0.039445406,-0.0051971329,0.039251931,0.031902606,0.016090966,0.021871949,-0.030503631,-0.017353865,-0.057362101,-0.06687686,-0.077573546,-0.045059166,-0.074962353,-0.01653396,0.017725369,-0.08302751,-0.054884349,-0.050396622,-0.046654412,-0.12080425,-0.055599148,-0.0018772018,-0.031594283,-0.051722809,-0.10562375,-0.042113683,-0.076309527,-0.027392379,-0.078614298,-0.058240045,-0.11971863,-0.10141068,-0.17698257,-0.16629355,-0.10510694,-0.18238601,-0.11079251,-0.11017993,-0.14010057,-0.15689901,-0.22914663,-0.177013,-0.25743468,-0.2668431,-0.22428664,-0.27775017,-0.25276914,-0.23271457,-0.20566101,-0.22595307,-0.16069463,-0.21264694,-0.28682165,-0.19242482,-0.21415355,-0.24374333,-0.15446338,-0.075841384,0.17712192,0.45855334,0.63598006,0.83152446,1.0695852,1.3023232,1.1431566,1.0914457,0.84782098,0.52999291,0.18293145,-0.33571816,-0.681497,-0.84315272,-0.79300816,-0.82584196,-0.73984564,-0.70512323,-0.7323234,-0.70271268,-0.64151556,-0.65225417,-0.75947421,-0.30754308,0.22942596,0.54462531,0.7046433,0.49975634,0.30995036,0.29585834,1,0,0,1
0.16397096,-1.0526023,-2.2373392,-2.8415405,-3.5875303,-3.9732805,-3.6597936,-2.8935686,-1.6128753,-0.87184537,-0.66333259,-0.21083564,0.1315937,0.21645916,0.21609146,0.32952243,0.419274,0.43086293,0.34175752,0.22289925,0.092856596,0.16161265,0.31103314,0.27590155,0.16140442,0.22489268,0.28543497,0.2379004,0.14033081,0.19178761,0.32076711,0.15742328,0.14200886,0.20568036,0.28982971,0.11894236,0.00071902838,0.03009141,0.226254,0.20638424,0.084569287,0.2151518,0.17735873,0.30638867,0.28592796,0.015740954,0.14398443,0.20671879,0.34438582,0.42148201,0.42637503,0.44666321,0.52525797,0.49690654,0.56735635,0.61555726,0.55496057,0.32136269,0.15061839,0.28416129,0.20502296,0.20166704,0.10384211,0.23503772,0.24600023,0.21510901,0.32265739,0.20806795,0.23657811,0.26714212,0.37791833,0.27961165,0.24616129,0.15691587,0.088391272,0.26514237,0.28195544,0.42613759,0.44947489,0.45489145,0.27947733,0.48821504,0.64808708,0.58756937,0.43576498,0.35560279,0.59849235,0.64193145,0.77978922,0.85562494,0.91978082,1.2000242,1.2419472,1.2649292,1.6264486,2.0069519,2.2734811,2.2070995,1.9440021,1.72003,1.5846188,1.3689169,1.0478896,0.80507739,0.3096607,0.15289423,-0.23750495,-0.63337938,-0.64747643,-0.57759392,-0.67482219,-0.87760457,-0.90265818,-0.88843896,-0.80732616,-0.76125507,-0.74518067,-0.80199256,-0.78762471,-0.72846209,-0.58301189,-0.77345103,-1.0142414,-0.98267501,-0.91214694,-0.71236545,-0.38902249,0.18566672,0.39889906,0.35710067,0.21962383,-0.0188281,-0.090182399,-0.12662927,-0.42380696,-0.90230303,-0.79044104,-0.66029076,-1.5597998,-3.0028768,1,0,0,1
0.48895424,-0.58225521,-2.3702094,-3.3955279,-3.5395003,-2.7622571,-2.0487713,-1.573995,-1.3333545,-0.73555365,-0.4861649,-0.50719562,-0.55811978,-0.49049036,-0.38103737,-0.45053241,-0.39050601,-0.38994643,-0.38263689,-0.40021987,-0.44374904,-0.38317316,-0.42634162,-0.45179699,-0.46543046,-0.59817935,-0.65744303,-0.63943174,-0.72203881,-0.82312673,-0.80197899,-0.8922766,-0.95529697,-1.0244088,-1.0940329,-1.0962264,-1.1493111,-1.1522438,-1.1082441,-1.0241803,-0.89873739,-0.83868459,-0.75962423,-0.67739712,-0.55569919,-0.49782581,-0.4358979,-0.40046088,-0.37613137,-0.29679065,-0.18652134,-0.13419367,-0.20424971,-0.14289162,-0.1667304,-0.13733287,-0.12208899,-0.1336562,-0.10320228,-0.092676411,-0.090439727,-0.10083648,-0.12063116,-0.06684706,-0.079714819,0.047291885,0.002057366,0.013337994,0.050622039,0.0043653356,0.088313973,0.013062297,0.0053174211,0.038178229,-0.012054799,-0.041113241,-0.12758927,-0.077602433,-0.1025999,-0.053127524,-0.039197988,-0.1359654,-0.14708954,-0.14394055,-0.16047112,-0.17168536,-0.155669,-0.12439076,-0.059407917,-0.17545672,-0.16802629,-0.14986081,-0.12886363,-0.074348939,-0.03187111,-0.051591834,0.081832717,0.10275551,0.34070809,0.4922557,0.61648229,0.7148291,0.92608088,1.0916926,1.2126794,1.2287732,1.1902986,1.225296,1.1086031,0.98510243,0.93384007,0.74333246,0.5864887,0.33061457,0.31177322,0.38837032,0.48396907,0.6050501,0.68092236,0.78423818,0.79359075,0.81397638,0.86920537,0.90156929,0.92574374,0.91202765,0.88631823,0.88545195,1.0228601,1.1466374,1.5206194,1.8086706,1.6690566,1.9666194,2.3417582,2.3234295,2.167486,2.2617631,2.8129737,2.6911243,1,0,0,1
1.0493214,0.21606781,-0.83111331,-1.8151794,-2.732182,-3.1404777,-3.1449852,-3.0708633,-2.7917629,-2.3048759,-1.7339061,-1.2842518,-1.1072604,-0.98817184,-0.84497462,-0.50698436,-0.17027054,-0.10496686,-0.013893583,-0.027627066,-0.10546512,-0.068411415,-0.10892928,-0.13224172,-0.0067277737,0.088104502,-0.013849564,-0.049355812,0.022603794,-0.011681438,-0.015244403,-0.039597219,-0.011930798,0.067769325,0.025508117,0.051275156,0.061243873,0.053409437,0.12092008,0.081996012,0.039525827,0.073485767,0.020874881,-0.018836076,0.03080909,0.024133155,0.016064929,0.044638762,0.031000825,-0.0094731287,-0.04266317,-0.077283456,-0.091508153,-0.046113641,-0.005557336,0.0013693555,-0.040256466,-0.085428968,-0.044212622,-0.065613281,-0.10823027,-0.10294966,-0.087675291,-0.0048291575,-0.041968731,-0.071551765,0.057880824,0.083306871,0.024706959,0.076330536,0.20859572,0.26203845,0.28364672,0.37499203,0.40994734,0.37167406,0.41759915,0.50960762,0.57249876,0.60910081,0.59336476,0.59685153,0.61617545,0.63998252,0.69311323,0.66605443,0.63637808,0.75173783,0.82087419,0.7208048,0.72363504,0.8895361,0.92729468,0.8368656,0.79516513,0.82095924,0.87426493,0.90011089,0.91099453,0.92698266,0.89451356,0.8802708,0.93309547,0.96690575,1.0155334,1.016237,0.96482358,1.0346994,1.1228337,1.1301304,1.1011527,1.1218721,1.1331351,1.1066031,1.1403572,1.0098726,0.85344273,0.91394318,0.91040731,0.82182966,0.73314004,0.57153555,0.46636067,0.34978888,0.16297634,0.22067847,0.37648194,0.28945557,-0.049292736,-0.48334981,-0.88666992,-1.3888174,-1.9245183,-2.4118223,-2.9063767,-3.0809405,-2.6079982,-1.5842948,-0.28463204,0.76477527,2,1,1,1
-0.95916453,-2.5603509,-2.9214418,-3.6597868,-3.5905637,-3.0313053,-2.2412357,-1.7762316,-1.1886092,-0.8862221,-0.6836747,-0.56890759,-1.0187179,-0.76965351,-0.42312569,-0.43492868,-0.63758294,-0.80926938,-0.58476837,-0.44413199,-0.60637226,-0.56897594,-0.53991026,-0.7317488,-0.53478903,-0.30931012,-0.42132443,-0.74772766,-0.60198028,-0.45344843,-0.42956377,-0.17176983,-0.56179341,-0.88936544,-0.6591893,-0.59174574,-0.40762856,-0.35478897,-0.92856853,-0.88113504,-0.22636577,-0.21923412,-0.74630288,-0.56480007,-0.28820387,-0.43562874,-0.40251772,-0.076317754,0.02459451,-0.56968902,-0.28410922,-0.40262208,-0.24269483,-0.35543244,-0.43574208,-0.063770005,-0.31071869,-0.39423411,0.08821066,-0.29351064,-0.55835292,0.10552972,0.35648473,-0.51697477,-0.83481815,0.089698692,0.49909599,-0.25714604,-0.48701267,0.3119991,0.64235512,0.57196892,0.20525839,-0.24193248,-0.021483971,0.19888043,0.26044084,0.2146618,0.40738007,0.36005488,0.152031,0.62701148,0.32195954,0.22997595,0.6594133,0.19566826,0.13387498,0.25106028,0.67710527,0.75129053,0.063422739,0.05389679,0.10887413,0.57852034,0.90956144,0.76845556,1.1961227,0.61273426,0.40658357,1.2741737,1.1772264,1.4493287,1.9624556,1.929674,1.7911772,1.0517644,1.2097869,1.8591591,1.5143311,1.1107903,1.3604353,0.66960336,-0.1774317,0.41745126,0.12794762,0.30387125,1.0844708,-0.17315765,-0.012907588,0.67901766,0.44491343,0.065922824,0.1565144,1.4938247,1.1086364,0.1763917,0.29557778,0.66329204,0.50863562,1.6976056,2.4926736,0.77110211,1.6533283,2.1532803,0.21077984,-0.031065635,0.60017964,0.25002123,1.3298836,0.12558207,1,0,0,1
-1.5527184,-3.2367884,-4.1277091,-4.4167268,-3.6062101,-2.6047579,-0.89392824,-0.79093335,-0.45683646,0.50703054,0.47099902,0.6588801,0.75472654,0.69665985,0.79165849,0.79249032,0.68081055,0.6606082,0.65000475,0.49665959,0.3273406,0.50524078,0.44069242,0.25488808,0.15873396,0.09752241,-0.10342785,-0.018535981,0.076826212,-0.072090232,-0.17705954,-0.2240425,-0.23503402,-0.27551587,-0.23003267,-0.41386582,-0.50186776,-0.43114,-0.37312843,-0.31194645,-0.35602231,-0.21248169,0.025684327,0.1707371,0.11889872,0.039250325,-0.03278391,-0.050804331,0.10786203,0.45220707,0.44257138,0.50826379,0.42936512,0.58866726,0.52314268,0.39162808,0.5179945,0.47859204,0.42462192,0.48764051,0.35032311,0.4210358,0.42286292,0.41426493,0.39496952,0.44684684,0.37796603,0.45698401,0.63747582,0.57668383,0.69599748,0.80194165,0.67472942,0.68482773,0.83915554,0.90954617,0.66759336,0.63990753,0.74577451,0.61909232,0.63600008,0.75761364,0.53437021,0.36335997,0.4361834,0.5025902,0.17928099,0.12470661,-0.016042962,0.028913042,-0.14481114,0.052541167,0.29327863,0.41396496,0.81007091,0.82141872,0.91821129,0.99589112,1.1785442,1.2842833,1.3596463,1.5687904,1.7147392,1.5848847,1.4684478,1.2740743,1.0720471,0.92238002,0.65763979,0.42775852,-0.21143336,-0.87535289,-0.93307625,-1.0847965,-1.1033235,-1.0448388,-1.1827254,-1.2062465,-1.1749024,-1.0677313,-1.2490841,-1.2689835,-1.1087643,-1.0141783,-1.0444328,-1.1839048,-1.3350187,-1.2097595,-0.97551903,-0.35712299,0.008433421,0.0041037846,-0.051704316,-0.78590661,-0.53016193,-0.25860585,-0.084041703,0.34126345,0.57404155,-1.6074932,1,0,0,1
-0.82739225,-1.0455621,-1.2693965,-2.1791773,-2.4131025,-2.8024881,-3.1746473,-3.3874208,-3.377251,-3.0828372,-2.4662554,-1.715636,-1.2117597,-1.1210071,-1.0369471,-0.60356115,-0.20127738,-0.23288413,-0.37870947,-0.4255059,-0.35721187,-0.27411908,-0.34835065,-0.36640201,-0.29212197,-0.31775683,-0.34243388,-0.37099784,-0.3752226,-0.27698738,-0.25466387,-0.29045711,-0.25490025,-0.27733992,-0.37628925,-0.3044694,-0.24334267,-0.27193441,-0.24767767,-0.2698257,-0.31920835,-0.36022176,-0.28218465,-0.25883436,-0.33019718,-0.32883028,-0.39909946,-0.41463903,-0.25684467,-0.18509161,-0.20769497,-0.26263016,-0.32681163,-0.35430736,-0.36874856,-0.31551021,-0.2717636,-0.26080225,-0.21734111,-0.17625438,-0.20107701,-0.17820841,-0.13131534,-0.15103131,-0.15318884,-0.23126359,-0.16543581,-0.10102749,-0.066579367,-0.014546725,-0.032004558,0.13465765,0.073223536,0.024278655,0.17098856,0.20487783,0.11459925,0.00087960011,-0.012056436,-0.00053632055,0.072552653,0.082177303,0.072621248,0.090672484,0.095173492,0.17503311,0.24441713,0.23875757,0.1969602,0.25450835,0.23526241,0.15046779,0.17660292,0.20798272,0.21035874,0.16887038,0.20345804,0.2502973,0.29123471,0.33646234,0.3775776,0.44567735,0.39780628,0.33212065,0.33208988,0.38227507,0.45443052,0.49850391,0.57758941,0.64358925,0.68956571,0.7679299,0.70222997,0.66274235,0.6876158,0.69655264,0.81528754,0.84522881,0.81553777,0.89986952,1.0179117,1.0855503,1.0204332,0.87841667,0.86688892,0.9538161,1.0956855,1.2883243,1.4207441,1.7051833,2.0449118,2.1109945,2.0320405,1.8434731,1.673888,1.6231793,1.521941,1.7311052,2.0787641,1.9057619,2,1,0,1
-1.5426052,-2.8242587,-3.0301247,-3.4122551,-3.1273722,-2.7129389,-2.2706057,-1.9035807,-1.3631253,-0.53646835,-0.33165805,-0.77265652,-1.0811764,-0.99050356,-0.65646413,-0.30580836,-0.60089228,-0.85148069,-0.59220038,-0.55819313,-1.1648236,-0.97752858,-0.26577825,-0.41808857,-0.9527437,-0.73558963,-0.59752391,-0.63105635,-0.67165602,-0.68576743,-0.76778244,-0.71497809,-0.71308264,-1.5205778,-1.1130194,-0.060323315,-0.5192928,-0.81645589,-0.63943779,-0.63716244,-0.67200256,-0.66586593,-0.49126515,-0.33471819,-0.58149464,-0.64662075,-0.45510767,-0.33980217,0.011157816,-0.27278758,-0.73753948,-0.27724204,0.23069724,0.16452698,0.12558786,-0.0018398558,-0.33681176,-0.019997046,0.018537087,-0.27536961,-0.12068064,0.24062081,0.64986854,0.52404094,0.23720721,-0.020057836,0.1889387,0.25604534,-0.24326952,0.16080925,0.65797389,0.41368387,0.73096116,0.9162801,0.97218206,1.2191242,0.47097167,0.076081112,0.86746246,1.2087672,1.2316547,0.76023048,0.57938478,0.88584163,0.77954709,0.73087008,0.80515093,0.72463336,0.50824795,0.30953765,0.8089037,0.70497252,0.45021801,1.1764826,1.2820468,1.1625195,1.1671283,0.87349645,0.72112893,0.97658959,0.88225229,1.0224482,1.8614606,2.172523,1.5531747,0.84988067,0.7001876,1.1521956,1.5199969,1.4580183,1.2916949,0.97744762,0.7403866,0.51628375,0.069522087,-0.61805125,-0.64561352,0.019683692,-0.032580523,0.70835757,0.67918474,0.21492827,0.32457595,-0.22897032,-0.38062153,0.086186613,1.0759691,1.2157216,1.438606,1.7344695,0.51449422,0.109744,0.71719448,-0.0054966474,-0.059766616,-0.38782846,-0.94749499,-0.12578079,0.9442899,0.46072484,1,0,0,1
1.9603435,0.21279179,-1.7844548,-3.9499376,-5.1087175,-4.2183652,-2.6084168,-1.3920585,-0.99137158,-0.1202489,0.62982825,0.42991554,0.45575518,0.4239334,0.31403394,0.52548152,0.31819906,0.3556656,0.21539585,0.22642104,0.16356575,0.18913218,0.11508471,-0.10178741,-0.078028572,-0.24368367,-0.15181302,-0.18136426,-0.23745857,-0.35214029,-0.36861211,-0.49767274,-0.60664227,-0.631893,-0.76332146,-0.74962923,-0.80427898,-0.72705328,-0.75598521,-0.81624355,-0.74147342,-0.64192825,-0.71676242,-0.62346708,-0.41574051,-0.41344281,-0.3028541,-0.21221633,-0.11860233,-0.0037889987,0.032008863,0.076315362,0.33313181,0.19820875,0.20153064,0.37619097,0.22092099,0.22655155,0.31601502,0.35666919,0.44027321,0.38774873,0.5022546,0.51216713,0.58823397,0.59699432,0.76584936,0.75631084,0.85293377,0.93105802,1.0045899,1.0127215,1.0547551,1.1235104,1.0289389,0.99601669,1.0858445,1.0544673,0.95922794,0.79605121,0.80309048,0.75269327,0.70505014,0.58524921,0.58661351,0.42533,0.36324263,0.41533262,0.2600161,0.26289888,0.16731019,0.22417542,0.081017151,0.020987461,0.066429657,0.044820361,-0.083506777,0.024366598,0.045281931,0.14290635,0.35536885,0.49298809,0.79555573,0.88080643,1.0407166,1.1818102,1.4505065,1.3977132,1.1739536,0.84672732,0.37973011,0.33840552,0.21779761,0.15991286,-0.23324526,-0.728681,-0.88468934,-0.87024506,-0.92070507,-0.87985004,-0.97577185,-1.0242655,-0.91994425,-0.98211991,-1.0282004,-0.89833434,-0.88891479,-1.0931672,-1.0882069,-0.93926144,-0.47232205,0.3811074,1.0128331,0.96306909,1.4898297,1.806343,1.2570692,-0.12029409,-0.24819805,-1.210716,1,0,0,1
2.4399375,-0.30359042,-2.8823587,-4.4352122,-4.0155878,-2.672981,-1.1036427,-0.39639363,-0.1503903,0.79076893,1.2135014,1.1478155,1.2179631,1.1001381,0.99015989,1.0453749,1.0040652,0.86234327,0.95281488,0.90332077,0.67015559,0.69241275,0.68315252,0.6096505,0.56451441,0.36207793,0.25949003,0.24443416,0.048328621,0.049520304,-0.10122777,-0.26108963,-0.32437275,-0.39771463,-0.47034008,-0.63859859,-0.67326531,-0.53323927,-0.58624393,-0.42601127,-0.33862758,-0.34737188,-0.2812567,-0.19492537,-0.091057946,-0.0072798346,0.19783439,0.22843869,0.22654463,0.28866647,0.32733393,0.25382226,0.23562488,0.36147601,0.27762952,0.18382816,0.31760455,0.32251277,0.30577992,0.20969489,0.16733139,0.1268139,0.19983442,0.1641424,0.35462053,0.29570631,0.39563358,0.4372572,0.30416894,0.38209746,0.42454577,0.42235538,0.46355657,0.49415907,0.4881431,0.36121911,0.30349496,0.41053565,0.28732211,0.056342629,0.19120861,0.13550283,0.23195458,0.051078626,0.087673541,0.07816278,-0.043736707,-0.030164795,-0.10462648,-0.15982754,-0.1081915,-0.2420466,-0.27272304,-0.2742794,-0.18010395,0.021668427,0.037511872,0.21673272,0.33792653,0.44866264,0.63051231,1.0069924,1.4336838,1.7529297,1.7599803,1.6114908,1.3823847,0.96364209,0.6591004,0.20974767,-0.26615848,-0.51160584,-0.87515422,-1.2873481,-1.3565747,-1.3712278,-1.3598076,-1.5052746,-1.4695755,-1.5279009,-1.5635282,-1.5136157,-1.4250858,-1.5706278,-1.4385084,-1.4980681,-1.6375036,-1.4207766,-1.2206748,-0.50145421,0.29292512,0.14517906,0.46305468,1.1592441,1.6844498,1.0847306,0.63216803,0.7573413,1.3531482,-0.57984985,1,0,0,1
0.27691575,-0.54321942,-0.89082419,-1.045248,-0.99850622,-0.78891986,-0.40147587,-0.14401725,-0.059472505,0.030640288,0.30229783,0.40868989,0.36775883,0.34443246,0.39225774,0.38436812,0.34196448,0.36632685,0.37438097,0.38298174,0.37046932,0.36507582,0.37874247,0.35569518,0.33661194,0.32518546,0.32422096,0.29055688,0.32031103,0.30991182,0.28915492,0.29570012,0.29386699,0.26204824,0.20324329,0.19637926,0.18662516,0.19695956,0.21091693,0.18648914,0.1782821,0.19293689,0.21688043,0.17584961,0.15678246,0.17081373,0.17742833,0.19842412,0.23212132,0.22521451,0.2676853,0.31629696,0.35308642,0.3873971,0.40279344,0.38547992,0.40206169,0.39192088,0.4125719,0.43404829,0.44923432,0.43118617,0.43203325,0.41730372,0.432539,0.43974063,0.44537408,0.42499486,0.45244568,0.48746641,0.47212635,0.49559602,0.49399982,0.48265213,0.47993727,0.47346262,0.50829938,0.5181523,0.53988262,0.55915345,0.56065823,0.57997671,0.58299889,0.59849809,0.58925161,0.62621406,0.60789472,0.64224969,0.6459367,0.60939149,0.58765828,0.6375835,0.6134735,0.61406317,0.55541706,0.58910252,0.5730774,0.54527045,0.53365663,0.55673785,0.57228887,0.56079844,0.51968135,0.51861306,0.52356186,0.51721389,0.48861111,0.49820439,0.51991414,0.54634403,0.528831,0.57751635,0.75347024,0.92094942,1.1263996,0.97769322,0.56607138,0.54252196,0.67488184,0.65861369,0.0029517181,-0.84134114,-1.5069367,-1.9288623,-1.9515934,-2.2872606,-2.5986391,-2.8746113,-3.0084305,-3.0042624,-2.8993153,-2.7924903,-2.5923796,-2.4875004,-2.6447914,-2.7534153,-2.5727405,-2.2971765,-1.8812868,-1.4343601,2,1,0,1
-0.85612245,-3.7420225,-4.6465381,-4.8596457,-4.1863555,-3.3609952,-2.2289983,-1.5704306,-0.90805341,0.022593118,0.69195082,0.87229513,0.7897193,0.74076552,0.67536786,0.58480921,0.58552283,0.30296493,0.18711611,0.1587915,0.28255344,0.31291273,0.33858441,0.48727212,0.44401657,0.45482506,0.45935315,0.50774451,0.51727175,0.46243335,0.41778248,0.3229066,0.271531,0.19748212,0.048512741,-0.016210444,-0.075754428,-0.19197546,-0.28245208,-0.22477948,-0.24390191,-0.2793168,-0.31037295,-0.28199864,-0.27422224,-0.23912712,-0.18122643,-0.19552359,-0.15685537,-0.12422822,-0.1732051,-0.12306777,-0.17278808,-0.18537168,-0.17455461,-0.26205944,-0.21477168,-0.23084994,-0.20261711,-0.3124277,-0.28414371,-0.25378144,-0.21876989,-0.25498087,-0.28620094,-0.18178133,-0.24308891,-0.25739551,-0.2311027,-0.18649517,-0.21864333,-0.20767316,-0.18531803,-0.18295509,-0.17390288,-0.20908372,-0.14823215,-0.16900571,-0.13260441,-0.13050336,-0.17342501,-0.092383151,-0.10411763,-0.038802203,-0.075070094,-0.092118923,-0.0095652144,-0.02408606,-0.051694526,-0.0034033976,-0.030402131,0.046253823,0.021316703,0.023470646,0.013870926,0.045674535,0.11359669,0.10612309,0.070168341,0.13744537,0.12273041,0.14670267,0.07632409,0.1111058,0.19291765,0.19361129,0.31900261,0.49219646,0.80861259,0.92185215,1.2040648,1.5161294,1.8079863,1.7691305,1.7183486,1.4469777,1.2510118,0.98673667,0.50858266,0.21313984,0.029338201,-0.063680377,0.041928796,0.0095895354,0.014078833,0.015552352,0.024302435,0.09569313,0.11383743,0.099252132,0.14735676,0.55596852,1.0667851,1.1811022,1.374775,1.2911375,1.1544634,1.4530464,1.4936243,-1.2807637,1,0,0,1
-0.11296872,-0.66312617,-1.4056478,-2.047832,-2.5557387,-3.2376381,-3.4030459,-3.1934555,-2.7605653,-2.0421168,-1.3736299,-1.1206421,-1.0264883,-0.74708,-0.320471,-0.12989175,-0.10865258,-0.14087962,-0.1466297,-0.0924639,-0.1756324,-0.15686372,-0.16788546,-0.2163962,-0.17048137,-0.14680127,-0.23570073,-0.12887333,-0.23562348,-0.21351681,-0.12226903,-0.18388891,-0.10767548,-0.19770249,-0.23508721,-0.24062819,-0.19917399,-0.1868228,-0.30926175,-0.32174626,-0.38451136,-0.36843737,-0.31552972,-0.3977389,-0.38866529,-0.38253108,-0.38735459,-0.44900348,-0.37819428,-0.35721491,-0.43374882,-0.46692133,-0.52570707,-0.52492151,-0.49552652,-0.4952718,-0.50227517,-0.49398917,-0.52772718,-0.4896315,-0.59339032,-0.6155838,-0.62758613,-0.66162196,-0.58627365,-0.54945322,-0.54054498,-0.50841781,-0.50641006,-0.43775756,-0.38694339,-0.37973876,-0.38085524,-0.29914397,-0.26824422,-0.28832296,-0.2084337,-0.26796817,-0.20084541,-0.089143807,-0.05030503,-0.0066421447,-0.085410098,-0.048219324,0.04885201,0.06813686,0.095978681,0.11206258,0.18643066,0.12722522,0.11955052,0.16481957,0.13836989,0.20454833,0.19084643,0.21980281,0.26435866,0.24380466,0.31430207,0.32314719,0.3047892,0.36762519,0.29357471,0.30493768,0.43736549,0.47819192,0.56832572,0.62184245,0.6308334,0.71449773,0.74744277,0.70111504,0.72570945,0.7805561,0.82490452,0.8807623,0.92138035,0.95273004,0.93065405,0.95422506,0.97320185,1.0684881,1.2671732,1.4290519,1.6106625,1.9290335,2.3020081,2.3122795,2.1555326,1.9831362,1.6481482,1.444437,1.4226508,2.0270706,2.5714763,2.2852022,1.4900338,0.96825956,0.63083427,0.45077212,4,1,0,1
1.3583247,0.94141089,0.077211883,-0.34889443,-0.7938133,-1.2785355,-1.6422068,-1.8078174,-1.7438562,-1.6152806,-1.3354498,-0.82581531,-0.38665206,-0.18982557,-0.10781982,-0.09245941,0.059286438,0.45152788,0.67582506,0.6778698,0.71849987,0.74136178,0.74258762,0.7585695,0.69911124,0.66395319,0.72277887,0.69243237,0.62155672,0.69002782,0.7329795,0.68046715,0.66033398,0.66094504,0.65218514,0.59710989,0.5440022,0.5730047,0.57344473,0.53634776,0.56339083,0.55537762,0.43870879,0.3555202,0.38889316,0.40597215,0.34049676,0.3090128,0.31133863,0.30237404,0.35288475,0.3900169,0.33072726,0.27952595,0.25767629,0.22389488,0.23378411,0.26049358,0.21117042,0.13246259,0.078675068,0.054130015,0.084450433,0.092733597,0.059286438,0.071255737,0.077218516,0.052544625,0.059286438,0.074932684,0.092579259,0.12968428,0.13684096,0.1162543,0.14020617,0.19197043,0.23378411,0.29132409,0.33985536,0.3522111,0.36950452,0.41286433,0.4462284,0.4454888,0.46644768,0.50689534,0.4708083,0.41878715,0.46644768,0.54934001,0.55861731,0.51030911,0.5440022,0.6349332,0.60635946,0.55729774,0.58277946,0.57233478,0.55691321,0.56798493,0.60216809,0.6582026,0.62807182,0.5701162,0.56339083,0.53402235,0.52593919,0.55194532,0.56339083,0.55586681,0.5171734,0.50125186,0.40828179,0.20141537,0.1423579,0.18454232,0.15622959,0.12098518,0.025508406,-0.078174886,-0.057045345,-0.06046471,-0.17911868,-0.22654067,-0.11521124,-0.057365426,-0.26460976,-0.67149123,-1.1815859,-1.7639356,-2.3119659,-2.7567531,-3.1980035,-3.6871451,-4.0709314,-4.0985585,-3.5276102,-2.5700014,-1.5989711,-0.48739469,2,1,0,1
-0.10529505,-2.9979155,-3.6072636,-3.9071691,-3.4355296,-2.3814505,-0.75203973,-0.19840649,0.29445833,0.95216147,0.91144681,1.0121339,1.0442008,0.99141695,1.0828021,1.0783738,1.002949,0.81043813,0.72152345,0.71234195,0.71944601,0.77840995,0.7951884,0.74220505,0.37273572,0.17488999,0.40102073,0.45581201,0.21096522,0.17321748,0.079683213,-0.045987405,0.029241536,-0.0018324303,-0.080866052,-0.14852778,-0.10048415,-0.041508087,-0.11189033,0.046720377,-0.049241899,0.036569637,0.23160478,0.23944682,-0.012948776,0.074005192,0.38123757,0.46524316,0.37391124,0.58714424,0.5604751,0.44969186,0.37528429,0.39417567,0.45395953,0.21837351,0.40922047,0.91285634,0.63715509,0.30964495,0.59648183,0.29830324,0.12316533,0.55929529,0.69275216,0.60382501,0.7729482,0.66633642,0.47522023,0.71300846,0.86726173,0.53870775,0.11293956,0.16968598,0.3882826,0.44546694,0.59205289,0.64896355,0.81909865,0.47371764,0.15481519,0.48277023,0.84137188,0.5268574,0.041375015,0.070595902,0.21380219,-0.024964339,0.029512954,0.32881586,0.14770834,0.13929554,0.15480076,0.13776902,0.043549991,-0.38425374,-0.23628619,0.4095172,0.54835171,0.37020387,0.83332107,1.0477412,1.3116305,1.5665085,1.3766345,1.0738405,1.1492826,1.0900593,0.40687823,-0.041089429,-0.20069067,-0.50697999,-0.92796926,-1.0023558,-1.1759004,-1.206432,-1.2819313,-1.1117296,-1.1050253,-1.3362768,-1.4190487,-1.5779484,-1.5356119,-1.4650378,-1.3836349,-1.2338688,-1.2876188,-1.5224509,-1.0814663,-0.49674377,-0.17622895,-0.037053982,0.2735316,0.19031342,-0.044444549,-0.44339185,-0.44710536,-0.39902114,-1.1614293,-3.9898032,1,0,0,1
-0.66867482,-2.8381087,-3.2477425,-3.5076934,-3.0485845,-2.5364692,-1.6138039,-1.086484,-0.8933398,-0.46740874,-0.27810271,-0.25960605,-0.29806598,-0.28399372,-0.30705921,-0.32146167,-0.30412224,-0.40928017,-0.38808408,-0.39474577,-0.40635619,-0.44742033,-0.43496034,-0.5059721,-0.58167544,-0.56790821,-0.63391514,-0.69848401,-0.73965543,-0.7914955,-0.76877211,-0.73678171,-0.80230326,-0.85203203,-0.91910177,-1.0245679,-0.90987054,-0.92602102,-0.89226857,-0.86543983,-0.91855592,-0.81789195,-0.70870744,-0.64512802,-0.58797929,-0.53704842,-0.57262879,-0.50313438,-0.49835249,-0.51122245,-0.43844075,-0.4027946,-0.4276282,-0.42949735,-0.49847232,-0.46483817,-0.39346963,-0.40387291,-0.36471939,-0.40917082,-0.38074277,-0.42603896,-0.38709986,-0.35705382,-0.33781817,-0.34284038,-0.26039935,-0.24774582,-0.22941924,-0.23312517,-0.071031248,-0.08323846,-0.043463349,-0.032285633,-0.016552738,0.025588797,0.014392999,0.054485656,0.12735147,0.081110696,0.071358905,0.030148439,0.13749866,0.11062241,0.10649155,0.066408226,0.13332763,0.20422759,0.17303768,0.16573313,0.21662977,0.21513237,0.2425808,0.26707133,0.36191791,0.44365525,0.6137505,0.76478379,0.87174812,1.0386314,1.1872837,1.4171732,1.5043776,1.5238417,1.4859608,1.3772591,1.3157824,1.259142,1.0935166,0.97295328,0.69822819,0.53597546,0.47840376,0.44830914,0.43627548,0.4594453,0.43657804,0.52912558,0.55307667,0.59841241,0.59580931,0.70220613,0.72473104,0.76336292,0.78558784,0.89495132,0.91745231,1.0182248,1.3075629,1.7889149,1.8971809,1.9088666,2.1245993,2.1834017,2.1462066,1.8275512,1.8934621,1.883479,1.4844708,-0.056586257,1,0,1,1
1.2072675,0.86122442,0.39006857,-0.21983489,-0.51816668,-0.95299595,-1.3972855,-1.6067299,-1.6477367,-1.4906811,-1.1171971,-0.69938322,-0.42201772,-0.32846473,-0.28127989,-0.13170412,0.181165,0.48505883,0.5920763,0.54616349,0.51689211,0.58384372,0.62373942,0.60045724,0.60332862,0.58329593,0.51112976,0.53175964,0.61271088,0.58426205,0.5325642,0.51127195,0.52808861,0.57833797,0.59458286,0.6048723,0.55730443,0.5421365,0.55306782,0.48426571,0.43799207,0.42187328,0.41699553,0.41662414,0.38759224,0.4137497,0.41213194,0.3413065,0.36985838,0.36964784,0.30383554,0.26383847,0.18253627,0.16417971,0.17101604,0.066061655,0.048948978,0.060248628,0.0084763383,-0.020495371,-0.055133187,0.022576056,0.080614245,-0.053065159,-0.072512157,-0.0087909008,-0.084559424,-0.097161497,-0.066636236,-0.10722166,-0.1077877,-0.11214187,0.010611073,0.12159033,0.045555903,0.10721483,0.1166994,0.17298337,0.17207139,0.089043208,0.26046698,0.29143934,0.28898743,0.36977752,0.39008983,0.46599172,0.49521931,0.47601927,0.54259684,0.5748646,0.59478072,0.62317394,0.61550019,0.61524885,0.59675018,0.62254664,0.65643197,0.65012432,0.62519664,0.59425045,0.63524218,0.69410125,0.68591697,0.7484996,0.80831967,0.74935551,0.66866934,0.68918565,0.77441307,0.72009791,0.7110121,0.7709386,0.75042865,0.79845941,0.85449893,0.78964986,0.67799755,0.59765554,0.50035902,0.4072966,0.35909203,0.26839442,0.088832477,-0.15422098,-0.4075063,-0.69754581,-1.0147453,-1.193903,-1.2262544,-1.3504336,-1.6388236,-1.9956343,-2.295398,-2.7934252,-3.1826255,-3.4151787,-4.1713875,-3.8167525,-3.8024655,-2.039399,2,1,0,1
1.618218,0.32869333,-0.48329208,-0.75955066,-0.57394317,-0.31343082,0.19168951,0.6778659,0.74770512,1.2070444,1.5331173,1.4606707,1.4181238,1.4199258,1.4428501,1.3275309,1.2703794,1.3987407,1.3877577,1.3612498,1.2223737,1.2047149,1.1822805,1.1257484,1.089904,1.1110924,1.0394071,0.96787135,0.90005531,0.88346886,0.83989644,0.788226,0.6967228,0.56710505,0.65990298,0.70017279,0.58204082,0.58214329,0.56875955,0.63195198,0.65062243,0.64680553,0.67104359,0.80877928,0.86948603,0.89175462,0.96302919,0.99155034,0.99486185,0.97145329,0.99940713,0.96239707,0.9429513,0.96091378,0.95512307,0.92187585,0.8549603,0.85569237,0.89809057,0.90790237,0.83898814,0.84336848,0.9150976,0.87214594,0.75756722,0.79351882,0.85651458,0.87637157,0.82236996,0.83132294,0.83015894,0.83808968,0.8509089,0.68699534,-0.14270451,-0.45546064,-0.52972686,-0.70196574,-0.77557688,-0.85031097,-0.86335774,-0.92394718,-0.9683332,-0.93413034,-0.94904104,-1.0315482,-1.0410773,-1.0423261,-1.0606047,-1.0918599,-1.0889659,-1.1325718,-1.1133693,-1.1446709,-1.0968389,-1.0805541,-1.014526,-0.87894067,-0.87882168,-0.86385485,-0.74161426,-0.54515644,-0.46471781,-0.32907493,-0.24988687,-0.33089407,-0.53579679,-0.57983862,-0.6666187,-0.79386047,-0.93720388,-1.0786091,-1.2809426,-1.4642385,-1.4617758,-1.4819166,-1.4941282,-1.5062162,-1.5268385,-1.5195364,-1.4997677,-1.4581647,-1.5102429,-1.4844526,-1.4546426,-1.4694174,-1.5060311,-1.4148824,-1.1977349,-0.81330601,-0.58467237,-0.55925554,-0.38825619,-0.28233365,-0.37085164,-0.75151121,-0.76809957,-0.71335435,-0.66684459,-1.7995303,1,0,0,1
-0.56497621,-2.8737325,-4.3140807,-4.7757178,-4.1886041,-3.4038882,-2.3018268,-1.7806353,-1.2330142,-0.48917681,0.064944487,0.25662915,0.40198589,0.75665385,0.91782861,1.2737085,1.3435591,1.335803,1.1340188,0.86679627,0.9062208,0.91852462,1.0401034,0.97478389,0.98734021,0.99510518,1.0373341,1.0100373,0.96722708,1.000482,0.83372179,0.75945225,0.68041391,0.58191049,0.394449,0.36634548,0.26862675,0.18526715,0.15122421,0.019761545,0.035657788,-0.0068664728,0.025845057,0.12747699,0.21491156,0.1806972,0.22015999,0.21857409,0.17719379,0.17918024,0.11801286,0.077933,0.0035914632,-0.052362708,0.0063650929,-0.048320005,-0.088929504,-0.10666961,-0.13642761,-0.15070701,-0.19087008,-0.15509571,-0.20560531,-0.21471569,-0.29208162,-0.2940978,-0.30804091,-0.29019582,-0.24808895,-0.25889606,-0.29925044,-0.32390001,-0.32521417,-0.39681619,-0.31657849,-0.38923019,-0.3583577,-0.28147829,-0.33891969,-0.36890649,-0.37928822,-0.41134273,-0.38578129,-0.35415596,-0.3082429,-0.28138152,-0.32975637,-0.40462684,-0.30458448,-0.294273,-0.26136884,-0.3038546,-0.22989755,-0.1871972,-0.27265141,-0.21719997,-0.14864152,-0.17790173,-0.2315518,-0.20816992,-0.21374304,-0.10842071,-0.12108568,-0.17017702,-0.021841831,-0.20158447,-0.040424672,-0.07050964,-0.0073578259,0.20953355,0.30241174,0.51936741,0.96083735,1.2642591,1.5863371,1.6359707,1.3137905,1.1651664,0.98207997,0.54817554,0.13671708,-0.26450308,-0.34130571,-0.3370082,-0.47061084,-0.4942389,-0.41985054,-0.40970086,-0.38913618,-0.44890921,-0.3476104,-0.22115866,0.35012995,0.95850337,1.1109439,1.5619094,1.735867,1.1370497,0.8904743,0.77793856,1,0,0,1
0.79522699,0.59594828,0.87762838,1.0136974,0.95729352,0.98691158,1.0746681,1.0885557,1.0951455,1.1718385,1.2884026,1.4012861,1.4672727,1.4356104,1.3674428,1.3667171,1.413883,1.4190093,1.3744829,1.3299301,1.2817018,1.2327386,1.1983597,1.1555739,1.0526451,0.91493943,0.82783889,0.79340704,0.75126292,0.66512952,0.57026712,0.48819156,0.40870971,0.30953705,0.18563136,0.06533318,-0.020939,-0.053277884,-0.053088693,-0.039573802,-0.031048517,-0.033228884,-0.033215488,-0.016438557,0.00219507,-0.018692079,-0.043157795,-0.021428759,0.013299547,-0.02042285,-0.088036727,-0.087905498,-0.037639447,-0.022812944,-0.062407455,-0.090866739,-0.096830022,-0.096518845,-0.096144936,-0.10988499,-0.1613664,-0.24148087,-0.28078067,-0.25448239,-0.19885208,-0.17670936,-0.19220772,-0.20718686,-0.20390033,-0.18594941,-0.16028193,-0.11360358,-0.067461217,-0.026746574,0.045872445,0.21032871,0.44960061,0.64853411,0.71530134,0.66913302,0.63085641,0.66615481,0.75322387,0.82318092,0.85528842,0.85909241,0.82532443,0.76716241,0.71017321,0.66757403,0.58532939,0.48775097,0.4169533,0.36132985,0.31042574,0.34633055,0.47028104,0.47643541,0.27187593,-0.0055612767,-0.26271567,-0.62708284,-1.1262346,-1.5826898,-1.8983514,-2.1558142,-2.4314027,-2.6816037,-2.8647064,-2.9458002,-2.9076512,-2.7793808,-2.6085103,-2.3832037,-2.052557,-1.6695346,-1.3564048,-1.2073677,-1.1810857,-1.1511413,-1.0195639,-0.80672897,-0.62448847,-0.50945243,-0.41407896,-0.34051867,-0.36600273,-0.42932193,-0.39843975,-0.34807859,-0.35764974,-0.32837385,-0.27060518,-0.37443676,-0.44931202,-0.24992926,-0.2195014,-0.64331405,-0.56903276,0.78097322,2,1,0,1
0.99132615,-0.21093417,-1.0683014,-1.8149323,-2.2428135,-2.2506566,-2.1411765,-1.9553504,-1.6712308,-1.3186799,-0.79354443,-0.32725972,-0.16457559,-0.10447867,0.072145713,0.37423565,0.62934209,0.75608091,0.79223235,0.73647545,0.72620749,0.75718714,0.70696038,0.70049646,0.7636783,0.75191922,0.73248208,0.76269705,0.73328535,0.69063841,0.7118816,0.73187213,0.74510161,0.72407551,0.67213551,0.67274219,0.64996857,0.59104261,0.5875609,0.59372051,0.5605202,0.53936783,0.51877269,0.48448809,0.4765688,0.49652879,0.55717201,0.53520635,0.3984295,0.39941698,0.43024932,0.31226124,0.3029688,0.35727246,0.22881819,0.13919431,0.18388297,0.13852882,0.13676242,0.17982379,0.09099018,0.079248614,0.15225664,0.15771111,0.12322705,0.096815188,0.17892461,0.22008404,0.16091561,0.19096411,0.19471349,0.15360348,0.18317916,0.23074952,0.30170829,0.32690987,0.23506544,0.22755302,0.33298966,0.34674311,0.36519683,0.43711671,0.37017014,0.34194389,0.50924112,0.58816915,0.50600263,0.47465692,0.51913668,0.54382952,0.51798705,0.47168798,0.50695944,0.54272657,0.48912667,0.48673888,0.50532451,0.47432656,0.4421174,0.42286348,0.48166009,0.52377608,0.48205596,0.46553445,0.44697183,0.48523143,0.5654622,0.49716355,0.41067688,0.47819634,0.52064082,0.43982757,0.34007196,0.24450837,0.17394522,0.12746625,0.064118559,0.075286064,0.091732025,-0.0021647384,-0.11179276,-0.23645492,-0.3218575,-0.30876358,-0.24457038,-0.20215188,-0.4030489,-0.81374383,-1.2449018,-1.7918403,-2.3868571,-2.8509518,-3.3574677,-3.8554772,-3.9449956,-3.6582698,-2.7701506,-1.5240258,-0.72123304,0.66692822,2,1,0,1
2.9652162,-1.3839725,-3.4358057,-4.2057911,-3.7060394,-2.5621124,-1.0464645,-0.46653916,-0.1014351,0.88987668,1.1515021,1.1266835,1.0886319,0.87398365,1.0920883,0.94030133,0.91581151,0.94518366,1.0055184,0.85878588,0.7750527,0.63836397,0.65439461,0.55127427,0.36629701,0.29091101,0.275899,0.16669815,-0.015554386,-0.059089092,-0.090879013,-0.20741962,-0.35461972,-0.36418471,-0.49646573,-0.53235143,-0.58729488,-0.65113485,-0.58894261,-0.59337702,-0.55314796,-0.43049916,-0.35883069,-0.17234021,-0.071690038,0.04194726,0.22462931,0.31374042,0.27702285,0.26089958,0.36308836,0.47851291,0.31335249,0.35252441,0.37764728,0.41484204,0.46169839,0.45905461,0.38858222,0.43786001,0.39330173,0.37249309,0.28558735,0.42513021,0.46729731,0.40766384,0.5387541,0.42581092,0.57473196,0.52686324,0.61099563,0.57492732,0.49881881,0.62018408,0.43749223,0.43157105,0.47523029,0.42957662,0.35170748,0.32075345,0.2029911,0.40100697,0.19764893,0.21404041,0.17813471,0.05484057,0.021778061,0.057620605,-0.056219498,0.061969842,0.026524839,-0.04935503,-0.13855298,-0.27284595,-0.10897235,-0.22324522,-0.177932,0.090843837,0.35110121,0.71627999,0.68665564,0.98219477,1.1285655,1.5451043,1.7670829,1.6033295,1.5071653,1.0255653,0.85495876,0.56212928,0.10859907,-0.15882167,-0.70394788,-0.99042978,-1.2323647,-1.2560113,-1.3206017,-1.4901081,-1.3256418,-1.4619595,-1.361357,-1.421336,-1.4767012,-1.5115013,-1.5198152,-1.4634459,-1.5504617,-1.5667831,-1.4982292,-1.0719945,-0.24047274,-0.017969059,0.059905551,0.27326721,0.46497139,0.26642664,0.38560443,0.55780022,1.6530709,-1.2108866,1,0,0,1
-1.1758399,-0.77145634,-2.2344449,-4.4225668,-4.6972718,-4.5506986,-3.4662287,-2.2517403,-1.7498514,-0.93963136,0.090620078,0.78713217,0.87299971,1.2699559,1.340355,1.4221952,1.5230044,1.5296746,1.2253169,1.0612356,1.1074937,1.1694623,1.0754306,1.0897396,1.0286045,1.0961133,1.1582676,1.0743637,0.94812587,0.93677382,0.81226375,0.70367555,0.65479373,0.61094744,0.45698997,0.30735063,0.25004574,0.23714509,0.074029988,0.1316354,0.12951866,0.090688743,0.17979121,0.27725991,0.21157724,0.19273726,0.23883682,0.25346893,0.26960312,0.20806171,0.20806006,0.18988927,0.12224584,0.13128128,0.087866636,0.16020372,0.20308928,0.069477461,0.053684007,0.11329186,0.069942069,0.056298206,-0.022950513,0.034310822,-0.044731522,0.00060260851,0.040463582,0.063609568,-0.045804342,-0.027213617,-0.078941893,-0.034107919,0.025923574,-0.10659101,-0.13861463,-0.08737732,-0.15591179,-0.12475347,-0.14376722,-0.20250566,-0.21644615,-0.09299317,-0.13422696,-0.18549885,-0.16786095,-0.1817719,-0.28645113,-0.14617372,-0.11509627,-0.1698802,-0.14607956,-0.17558673,-0.1916659,-0.22423513,-0.19082926,-0.17567325,-0.14796339,-0.1888249,-0.15471615,-0.15804385,-0.15127137,-0.24869878,-0.20519741,-0.25456398,-0.20770179,-0.15777004,-0.1821111,-0.14831049,-0.22528119,-0.11338712,0.011903659,0.39035344,0.65670493,0.91978801,1.26356,1.5155561,1.4408063,1.2602295,0.96242519,0.72645992,0.21777267,-0.36430634,-0.69155792,-0.76875635,-0.81917611,-0.80088941,-0.77842185,-0.84412818,-0.80814525,-0.7276189,-0.81868915,-0.79232125,-0.55027959,0.3170408,0.75504571,0.54773025,0.48217072,-0.32441255,0.050542851,0.66039889,1,0,0,1
-2.6555359,-3.124683,-2.8912664,-4.2215495,-3.8271505,-3.3710367,-1.984218,-0.41151841,0.098434159,0.8182037,1.6106173,1.6635282,1.5048624,1.4217432,1.5347723,1.580955,1.3281177,0.99956969,1.1542952,1.1689084,1.2255865,1.2943033,1.3302471,1.3818912,1.419375,1.4008239,1.4098399,1.4690432,1.4092514,1.3964761,1.2891007,1.0680248,0.94044589,0.81639222,0.68751635,0.4954812,0.42256784,0.31774269,0.20982721,0.10993768,0.13491268,0.13353685,0.12229911,0.1570291,0.27696479,0.26529399,0.34336569,0.35161375,0.43703374,0.42896919,0.45419185,0.42781321,0.41706932,0.40633954,0.39435962,0.34734429,0.37313556,0.27828849,0.17008903,0.16672169,0.14388409,0.10697031,0.076645882,0.072248474,0.0041997012,-0.020118986,-0.054562167,-0.034181632,-0.096871221,-0.097320247,-0.073217797,-0.054918969,-0.097947858,-0.11836749,-0.10111768,-0.004709859,-0.059615336,-0.1119786,-0.1741759,-0.18373304,-0.2053718,-0.2154992,-0.27789327,-0.23985434,-0.25584436,-0.31633588,-0.2533865,-0.2754564,-0.29285315,-0.20946834,-0.2808932,-0.2955841,-0.33460831,-0.3688269,-0.34254513,-0.31070181,-0.34290561,-0.28620437,-0.23691346,-0.3572022,-0.26619864,-0.31127624,-0.36233543,-0.36460894,-0.37459559,-0.40161265,-0.40640457,-0.43681312,-0.44905233,-0.4675869,-0.31749299,-0.25579083,0.037797612,0.38302002,0.40530051,0.52219022,0.86292326,0.91080914,0.70361275,0.37492456,0.12632338,-0.14846533,-0.55620532,-0.95731954,-1.0473606,-1.0204537,-1.0041812,-1.0576875,-1.0334011,-1.0249207,-0.97513642,-1.0779494,-0.93325543,-0.95863726,-0.35695154,0.063509902,0.29630986,0.46634846,0.10217284,-0.68960698,1,0,0,1
-0.94229159,-1.414627,-1.7621057,-2.0496209,-2.3492459,-2.548837,-2.4299011,-2.1098272,-1.6700255,-1.1131539,-0.90722921,-0.89637386,-0.6609305,-0.37392139,-0.21604957,-0.24385062,-0.25947727,-0.2891121,-0.19705597,-0.19438401,-0.25999526,-0.21492237,-0.21705032,-0.22434936,-0.24730208,-0.2166349,-0.19003857,-0.27553303,-0.20107524,-0.28482767,-0.24992331,-0.23414482,-0.2617898,-0.24824661,-0.27313634,-0.2656677,-0.23458369,-0.24713082,-0.24239586,-0.2810816,-0.26763148,-0.28432551,-0.25291063,-0.32455439,-0.30202545,-0.34037256,-0.31387622,-0.29223818,-0.28204836,-0.29896884,-0.31887781,-0.29384714,-0.29341236,-0.30034312,-0.27639011,-0.21919345,-0.23499203,-0.21976903,-0.22064763,-0.22984815,-0.17874015,-0.130731,-0.13798124,-0.082151813,-0.13312432,-0.14253473,-0.14382789,-0.1388666,-0.16824043,-0.17978217,-0.18324786,-0.12700587,-0.18919527,-0.18973028,-0.18504441,-0.18071134,-0.22063967,-0.1922947,-0.21652529,-0.19697238,-0.21511628,-0.26418929,-0.24612447,-0.1941073,-0.1829448,-0.16630348,-0.15108361,-0.16704622,-0.16850703,-0.16339178,-0.084367183,-0.11904318,-0.086236544,-0.068419915,-0.054990972,-0.058045701,-0.032397124,0.038994287,0.0053554327,0.014549941,0.029979792,0.04930852,-0.015992238,0.014265121,0.045305256,0.021161625,0.049155873,0.053490056,0.091443799,0.17210546,0.23992263,0.35893267,0.50408598,0.63072503,0.71959815,0.82382055,0.97590101,1.2338939,1.4291881,1.6082807,1.7891705,1.9696225,2.1698029,2.3724663,2.5448192,2.6934952,2.8630329,2.8581651,2.6422264,2.2794949,2.1025855,1.8460279,1.4678051,1.2432049,1.1122997,1.331468,1.2215416,-0.13678373,-1.9372763,-2.722856,2,1,0,1
0.86339075,-0.51965677,-1.4300216,-2.1799202,-2.5630663,-2.672148,-2.7680668,-2.6386257,-2.2396918,-1.6246665,-0.91364489,-0.50252625,-0.54134867,-0.60903666,-0.22087001,0.33031175,0.55892288,0.59247211,0.57408436,0.5162929,0.58918682,0.65167871,0.63633801,0.65924128,0.63922651,0.64705396,0.65803715,0.56317222,0.49241062,0.52288248,0.5817362,0.61405668,0.60948238,0.61768399,0.5756858,0.54356021,0.59199917,0.54030361,0.54061253,0.5553783,0.4324071,0.405528,0.40374633,0.33217387,0.38207409,0.39917671,0.39029451,0.43180651,0.35442728,0.33871525,0.24613378,0.15180657,0.20198861,0.10054059,0.05183439,0.091642869,0.071881594,-0.0072888813,-0.073346439,-0.031193439,-0.059353244,-0.14232908,-0.11760742,-0.096554654,-0.1191293,-0.13300834,-0.1937328,-0.19489501,-0.15278719,-0.2001115,-0.23317111,-0.19403825,-0.18779605,-0.23185428,-0.16669965,-0.059983826,-0.028546745,0.027438648,0.082551388,0.1579556,0.21242797,0.23128386,0.33036871,0.41689752,0.4692207,0.52849439,0.54553114,0.54623562,0.6039375,0.67300133,0.69841393,0.76791469,0.78576804,0.69936663,0.71610323,0.77466494,0.76157551,0.80219108,0.84166695,0.7936351,0.82453835,0.89693796,0.84774431,0.87068619,0.93898209,0.93192587,0.9381719,0.90383995,0.95547503,0.95492365,0.85702157,0.9286548,0.95087431,0.89211054,0.8616609,0.62044673,0.3951349,0.4476054,0.42701049,0.25359229,0.052139589,-0.10312271,-0.11913293,-0.25022502,-0.49805362,-0.47922381,-0.41071776,-0.63028583,-0.86261212,-1.1324523,-1.6721909,-2.2304182,-2.6975705,-3.1102117,-3.4167569,-3.4671299,-2.6855965,-1.2527553,-0.21957763,1.0172502,2,1,0,1
-1.9037518,-3.8155176,-1.832536,-0.53523738,-1.4155773,-2.2640623,-1.7167491,-0.80157453,-0.64076885,-0.96204566,-1.1998422,-1.2186398,-1.0066101,-0.54995905,-0.15696067,-0.10618594,-0.23728802,-0.23470697,-0.13363591,-0.10731911,-0.12088707,-0.094651198,-0.18552294,-0.41403966,-0.54983766,-0.39350778,-0.23315061,-0.37891606,-0.64019561,-0.55620158,-0.20886382,-0.12048686,-0.46794516,-0.80915971,-0.77915792,-0.53056425,-0.39088147,-0.39332025,-0.34214745,-0.1441887,0.096861622,0.14342257,-0.17554725,-0.75985513,-1.1782174,-1.1493713,-0.88146805,-0.8026709,-0.86599158,-0.71274662,-0.26297051,0.093579289,0.18290008,0.15246726,0.090705624,-0.19821807,-0.57833127,-0.63422686,-0.24860755,0.040077439,-0.063420263,-0.26669342,-0.15548171,0.028830033,-0.065131007,-0.41827037,-0.64210518,-0.66575743,-0.55446141,-0.39148623,-0.11250008,0.15029893,0.37746469,0.55803699,0.69350191,0.58341067,0.31870698,0.15641814,0.22566691,0.18196456,-0.090075425,-0.26928735,0.047579212,0.61268528,0.96467423,0.98504104,1.0327864,1.2148572,1.2768023,0.96702942,0.56903762,0.50268063,0.80382215,1.0007905,0.84289471,0.59815662,0.62231971,0.73186252,0.57294495,0.23962085,0.17105246,0.37556818,0.4055096,0.069215268,-0.22648555,-0.069563858,0.41425869,0.78733903,0.8281888,0.67123109,0.5098739,0.3885592,0.22295293,0.0076254809,-0.16255738,-0.17413043,-0.071419469,0.026230857,0.00033674546,-0.13231545,-0.2971157,-0.35107632,-0.19476421,0.056582666,0.16364483,0.13104102,0.18115282,0.34914556,0.43843693,0.51162895,0.74505265,0.9013758,0.6670988,0.59888869,1.3403166,2.0801345,1.4562207,0.53605867,2.3181911,7.4021031,2,1,0,1
-0.47563514,-1.0780296,-1.2573302,-1.6849219,-1.70911,-1.8264866,-1.9373766,-1.8800003,-1.8137689,-1.6093011,-1.2340753,-0.72318879,-0.34464589,-0.23902909,-0.19330608,-0.055114362,0.14021332,0.29128002,0.36820082,0.39769845,0.36109751,0.31825706,0.33615022,0.3664929,0.35493984,0.34079045,0.41163349,0.48265369,0.4564362,0.4250216,0.41383363,0.4067303,0.41855089,0.39541045,0.37699163,0.42494423,0.44313236,0.41984626,0.42528955,0.4040724,0.39837768,0.4423606,0.41982597,0.41907988,0.52141011,0.59871229,0.5952051,0.53929873,0.49020122,0.48349027,0.48331421,0.4637814,0.45953239,0.50005836,0.53371739,0.51589241,0.49199563,0.50998102,0.5572422,0.61738757,0.67385897,0.69965644,0.72730031,0.80721014,0.85822797,0.78947554,0.70334107,0.68730385,0.6869333,0.68317349,0.70915294,0.78014152,0.85776931,0.94378859,1.0671005,1.1655557,1.2359483,1.2062689,0.98925696,0.78304334,0.68608447,0.66181795,0.67000426,0.58498493,0.50461858,0.49267474,0.45906943,0.40562449,0.33909097,0.36715619,0.41843745,0.38415132,0.38816578,0.3451943,0.28805656,0.3274791,0.31547827,0.30772549,0.3340404,0.28424181,0.26004875,0.30536853,0.30876994,0.25098335,0.22647792,0.23417903,0.19982205,0.17092887,0.17720476,0.18725366,0.19228267,0.13149883,0.0060236435,-0.029630479,0.02595203,0.049331938,0.10721032,0.16544698,0.14286189,0.13175007,0.062348737,-0.070353611,-0.10573954,-0.016555465,0.10508133,0.04043648,-0.24950915,-0.59501143,-1.0143896,-1.4681987,-1.9617593,-2.550989,-3.2526114,-3.883879,-3.824754,-3.4603673,-2.7216672,-1.8459334,-2.1838445,-1.0238841,2,1,0,1
1.381994,0.36621607,-2.4019983,-4.2293972,-4.9372699,-5.0561839,-3.8526331,-2.1658699,-1.9756248,-1.1081356,-0.11463923,-0.19791556,-0.24602237,-0.10414129,-0.046410796,-0.067892614,0.23488257,0.32179348,0.27563529,0.21115321,0.25558825,0.2259627,0.3342047,0.26990682,0.34460541,0.28124644,0.55479254,0.4999322,0.32474916,0.19225441,0.2747678,0.16306141,0.076353115,0.12241184,-0.141462,-0.21037408,-0.014104558,0.061627422,-0.11164908,-0.072694063,-0.055701079,0.066338636,0.065868034,0.057605889,0.23233759,0.26457152,0.46664347,0.52532594,0.63407284,0.4331724,0.39840851,0.5008044,0.55525392,0.69831644,0.57229014,0.52401516,0.64888858,0.5974668,0.56286817,0.5846362,0.54415541,0.49085373,0.57391471,0.5151486,0.48788316,0.59762703,0.6404152,0.75357241,0.65541997,0.65509987,0.74535054,0.74074953,0.6582024,0.7374126,0.59984443,0.65270407,0.73390524,0.61080117,0.57532655,0.65332316,0.6480747,0.45093375,0.48712753,0.37887817,0.41127997,0.40842992,0.22206699,0.1649612,0.13895889,0.22080683,0.13376541,0.1309494,0.061104875,0.027411738,0.0013073412,0.075516316,-0.014458395,0.025507035,0.042833967,0.13440725,0.041720512,-0.052771846,-0.053965983,0.11094172,0.26175074,0.39416452,0.52321069,0.84624645,1.014927,0.88103388,0.62336098,0.34329358,0.12654862,0.031103658,0.12691427,-0.023384617,-0.37095866,-0.71593091,-0.87829665,-0.88372397,-1.0540557,-1.0780056,-1.0702878,-1.0086882,-1.1277357,-1.0584954,-0.89273247,-0.83903891,-0.90436231,-1.308129,-1.1405188,-0.54974974,0.28551732,0.60328977,0.9435067,1.1229611,1.2020018,0.62389127,-0.15810707,0.23907783,1,0,0,1
-0.40022501,-0.40769178,-0.83865901,-1.4255904,-1.8885364,-2.0800408,-2.1863209,-2.0988073,-1.9968474,-1.8364512,-1.5758369,-1.3347793,-1.0809943,-0.84015374,-0.79720746,-0.68211007,-0.50488416,-0.32315318,-0.18246707,-0.042002396,-0.0091422871,-0.0022340557,-0.032123908,-0.11068959,-0.061443851,-0.084729397,-0.070202784,-0.030126812,0.04312681,0.14488375,0.23502739,0.28328132,0.34367371,0.49160794,0.51798429,0.53007511,0.48926631,0.46103273,0.48540323,0.46928226,0.49855082,0.47285541,0.48812877,0.48023477,0.5274753,0.49249602,0.50823227,0.49602176,0.51129711,0.52468856,0.56136661,0.57811655,0.54240365,0.5225948,0.49584116,0.51057191,0.52455187,0.49660457,0.47825129,0.43151674,0.38209969,0.40751639,0.34294845,0.32332343,0.32009249,0.30485971,0.25612467,0.22276405,0.18803594,0.16176765,0.20673509,0.11349395,0.13775305,0.13409992,0.092651529,0.066100257,0.09125144,0.083544103,0.076542727,0.09346253,0.086928458,0.061678861,0.086337972,0.11518359,0.088107122,0.12337418,0.097823892,0.14200676,0.13789936,0.098651472,0.11700633,0.11032026,0.13294118,0.1173426,0.10818996,0.15699104,0.13035258,0.15003162,0.17418513,0.15225164,0.17305885,0.1696487,0.16300552,0.18984479,0.26795077,0.3218499,0.37353522,0.48413719,0.54462122,0.63146435,0.68160825,0.85064151,0.98183435,1.0920631,1.1764602,1.3103478,1.4361939,1.6107862,1.7668993,1.8816967,1.9671297,2.0522393,2.0278375,1.7799589,1.3364275,1.0126218,0.65346796,-0.25912418,-0.85257894,-1.0293995,-1.273595,-1.4982993,-1.8448189,-2.3180518,-2.6537141,-2.8823497,-2.9998798,-2.884917,-2.5170577,-2.0293091,2,1,0,1
1.5518063,1.3966508,0.83171111,0.22266236,-0.38921972,-0.71981971,-0.98434527,-1.3275278,-1.5945303,-1.6347596,-1.4391078,-1.1063455,-0.71384281,-0.41689809,-0.31662474,-0.33635154,-0.30867733,-0.055739299,0.33971174,0.5082762,0.47329581,0.4944586,0.49369223,0.44689616,0.45069528,0.48508713,0.47847581,0.42984478,0.41841953,0.4216048,0.42771816,0.47922609,0.5011465,0.47838737,0.48494741,0.46637956,0.4409663,0.4895638,0.47940534,0.38452747,0.37232496,0.38158556,0.36276814,0.40784648,0.41858163,0.40218696,0.42306084,0.38857998,0.33664226,0.31537965,0.30621943,0.30979089,0.30876331,0.26978501,0.2148739,0.23599072,0.27214446,0.21321086,0.17080247,0.21782445,0.22730803,0.18400228,0.17709138,0.19399851,0.18963068,0.15043287,0.11393553,0.14317992,0.14682159,0.084982393,0.11721026,0.16697075,0.15792601,0.19171029,0.19237631,0.14752062,0.14234132,0.16240535,0.19352252,0.21218773,0.23393276,0.30865567,0.3181481,0.27044725,0.33994969,0.40529518,0.40241319,0.46491053,0.53542376,0.52237901,0.51535653,0.55440982,0.51450702,0.52274566,0.63836975,0.62097237,0.56980603,0.57064061,0.55333275,0.60179297,0.63728156,0.60888798,0.62074056,0.62424248,0.57475371,0.57703073,0.6149109,0.59692441,0.59613195,0.6279979,0.64115104,0.68182877,0.71366336,0.69977932,0.68457019,0.61717193,0.50054528,0.41916527,0.31034289,0.25265613,0.2791483,0.1711685,0.012652462,-0.17318781,-0.30064741,-0.39564082,-0.6579039,-0.67492887,-0.68311311,-1.0310108,-1.4053486,-1.9540711,-2.5658308,-3.1291521,-3.4996652,-3.9607186,-4.3294345,-3.8560901,-3.5005805,-1.7645936,2,1,0,1
-1.1098967,-1.5909276,-1.0905237,-0.83639872,-0.95456058,-0.93560068,-0.80838253,-0.78351501,-0.82008308,-0.91070141,-1.0337898,-1.033351,-0.91804422,-0.90546712,-0.99075387,-1.0069628,-1.0037926,-1.0956628,-1.168174,-1.0759595,-0.94294543,-0.96890183,-1.0844657,-1.061046,-0.85930879,-0.72021237,-0.79570083,-0.94645833,-0.94145115,-0.77168718,-0.63075482,-0.64331786,-0.73839699,-0.7045804,-0.48254187,-0.2727376,-0.26483731,-0.34687295,-0.32146999,-0.24516745,-0.21858756,-0.16927598,-0.031922689,0.036935449,-0.080268868,-0.24953227,-0.30149827,-0.24372578,-0.18216931,-0.10248188,0.019876425,0.089716713,0.032876865,-0.029993472,0.020950818,0.079841282,0.073389189,0.093256253,0.14557489,0.080698175,-0.061175314,-0.084241389,-0.030316484,-0.085538139,-0.20941832,-0.17811599,-0.0019046963,0.092269067,0.006665004,-0.12657859,-0.18181725,-0.19158593,-0.17506114,-0.10838234,-0.057226634,-0.17380615,-0.41887115,-0.53155654,-0.40279308,-0.23912006,-0.27200675,-0.41448959,-0.47089494,-0.45634259,-0.50069414,-0.56829309,-0.52993112,-0.45339686,-0.49032964,-0.61886773,-0.67990723,-0.66691985,-0.71629656,-0.80896197,-0.7764897,-0.6059874,-0.49716669,-0.50690724,-0.50938247,-0.50401956,-0.59019458,-0.67778506,-0.5785759,-0.36216271,-0.22646696,-0.15863184,-0.00057432606,0.24548475,0.39646134,0.39850549,0.41168549,0.5741361,0.80712214,0.96487927,1.0129172,0.99780138,1.0325911,1.2223182,1.5178645,1.7513138,1.9426732,2.2406638,2.5608756,2.6507138,2.5157714,2.4246315,2.4654998,2.4882088,2.4214691,2.3583991,2.3179668,2.1657346,1.8548538,1.5733095,1.5295307,1.6062186,1.4718744,1.1324175,1.0491516,1.4489499,2,1,0,1
-1.0452343,-3.6247216,-3.5859334,-3.1809067,-1.81708,-0.4264065,-0.046098595,0.36064987,1.1362121,1.4025853,1.2899221,1.2561217,1.336552,1.2393103,1.2551387,1.2458893,1.1798017,1.1692212,0.99872722,0.98095713,0.92275442,0.87820967,0.83100351,0.86405974,0.69056433,0.60510547,0.43170853,0.48925479,0.50581187,0.27423678,0.2539805,0.2327053,0.16635283,0.10535368,-0.058675798,0.06452759,-0.0027241703,-0.019961003,0.048571043,0.12445663,0.15876157,0.17616686,0.29581641,0.37214136,0.37621697,0.43087925,0.4641237,0.45397002,0.41775195,0.45661208,0.56527412,0.48704105,0.47318473,0.40350018,0.33798267,0.35804985,0.29962211,0.43492296,0.40026315,0.33254905,0.41191869,0.28951176,0.24633001,0.24355755,0.22897651,0.30928827,0.36150781,0.45252945,0.45532283,0.47112547,0.48581492,0.44810995,0.43655025,0.35050725,0.37161386,0.44052292,0.35512207,0.33443663,0.34967602,0.35268876,0.27337291,0.064863264,-0.0047626948,0.050911311,0.035276255,0.035606237,-0.014090068,-0.096089589,-0.14198445,-0.19496542,-0.14756925,-0.20675118,-0.2198514,-0.084388479,0.097651189,0.35204271,0.45017074,0.51924848,0.70625133,0.96989874,1.1208252,1.2559438,1.1981244,1.2769375,0.97466233,0.7560972,0.47834191,0.22768744,0.0017074825,-0.45496852,-0.92744878,-1.119804,-1.2575786,-1.1863378,-1.3053061,-1.2152096,-1.3150628,-1.3070569,-1.297823,-1.2873911,-1.2669252,-1.2969144,-1.2646986,-1.2822096,-1.3062301,-1.3338116,-1.3124824,-1.0299338,-0.44184718,-0.17276646,-0.23574825,-0.15566837,-0.25851975,-0.4541982,-0.48899566,-0.62703398,0.01494987,-0.69368946,-1.9819641,-5.0944377,1,0,0,1
-0.59775263,-1.7057727,-3.7577263,-4.9723719,-4.7692738,-4.0106869,-2.9554903,-2.06335,-1.4959202,-0.76346871,-0.14382218,-0.11192706,-0.18799622,-0.046391144,0.20982591,0.54380807,0.96358381,1.106021,1.041218,1.0355455,0.96061882,1.0526704,1.0932624,1.1331259,1.1562369,1.1314547,1.1967993,1.2234489,1.1804713,1.095871,1.0298571,0.86889134,0.75431881,0.62944766,0.56158186,0.44428723,0.31713963,0.23797355,0.25534556,0.20469645,0.22129259,0.25053593,0.27060536,0.28747682,0.32739817,0.32651144,0.40309171,0.39063696,0.34708419,0.33451659,0.29029683,0.29311582,0.29202928,0.30832845,0.22449802,0.1690904,0.089147497,0.09851628,-0.011411662,-0.095190404,0.016852345,-0.059305945,-0.025043884,-0.081751369,-0.17020639,-0.10927653,-0.06670026,-0.085902688,-0.074365517,-0.10762094,-0.14002994,-0.1887584,-0.24658067,-0.22005328,-0.20639055,-0.25488275,-0.23764574,-0.25556409,-0.24339005,-0.22021875,-0.20248004,-0.22032014,-0.24151753,-0.21349738,-0.16778145,-0.21433831,-0.26216394,-0.17144416,-0.19982538,-0.17528327,-0.18342952,-0.22561319,-0.16560667,-0.15666606,-0.181528,-0.16980594,-0.16830153,-0.19676291,-0.13998514,-0.15839567,-0.15496524,-0.13497585,-0.17997767,-0.14777098,-0.13006323,-0.13262522,-0.17173112,-0.13269062,-0.095309926,-0.074976817,-0.00526808,0.26196912,0.4967189,0.69894335,1.0881782,1.2913551,1.2276813,1.063201,0.88995205,0.57999926,0.2900561,-0.18589047,-0.40824603,-0.50492036,-0.60405647,-0.60434199,-0.54785305,-0.59341438,-0.5633413,-0.50295027,-0.49996861,-0.39775729,-0.14725299,0.52601485,0.77572499,1.128849,1.5800611,1.004223,1.1204955,1.0253855,1,0,0,1
0.03122741,-2.4238917,-3.584268,-3.9509106,-4.012667,-3.1890648,-1.8167262,-1.3277158,-0.96998166,0.012784907,0.34206986,0.33868223,0.44851042,0.62413903,0.40325444,0.41713416,0.53891538,0.55236965,0.28404775,0.36076586,0.47008563,0.44858562,0.31485569,-0.034858832,-0.12300535,-0.20786769,0.00019065428,-0.10418688,-0.43840092,-0.3956549,-0.42376125,-0.61183114,-0.27688584,-0.49638125,-0.44218126,-0.41087654,-0.035947918,0.35237632,0.24738274,-0.45520495,-1.1858511,-1.1461143,-0.61844776,-0.47762168,-0.54016462,-0.19746927,-0.25552245,-0.44265132,-0.30604796,-0.0043865512,0.083633657,-0.32264907,-0.4656636,-0.92387828,-1.013029,-0.71523141,-0.56326979,-0.52596627,-0.56738067,-0.36726161,-0.21508133,-0.25640566,-0.70953342,-0.6792443,-0.20409678,0.21278992,0.33243723,-0.38844781,-0.19001206,-0.32047108,-0.48940261,-0.26106754,-0.085087686,-0.059141844,0.0042576601,0.082053929,0.11038884,-0.0093406018,-0.083859148,-0.074426669,-0.078048376,-0.024652981,0.042769045,-0.033025488,-0.17405678,-0.16398457,-0.086436049,-0.12504978,-0.45242527,-0.34086938,-0.49033189,-0.44996347,-0.40569024,-0.28171432,-0.24433677,-0.35623199,-0.26359957,-0.20866822,0.07208558,0.44539177,0.58073235,0.93853668,1.0340308,1.3661447,1.8140992,1.8645041,1.6519015,1.5634218,1.5462536,1.3453374,1.0448929,0.75235815,0.49456912,0.12094658,-0.061568065,-0.035579451,0.0095516719,0.13165873,0.098650579,0.078258037,0.15810258,0.25952901,0.3215743,0.28341759,0.2456825,0.29257028,0.4187127,0.37953425,0.66046502,1.1289053,1.9203858,2.1715786,2.1789916,2.4479952,2.1595333,1.6287529,1.0750381,0.95473766,1.814374,0.1638143,1,0,0,1
-2.2719235,-2.1856733,-1.7571384,-3.2943411,-4.2508118,-4.3599947,-4.1194605,-3.6524567,-3.0494596,-2.1979111,-1.6747426,-1.2679196,-0.7141723,-0.26969664,0.031937851,0.1471931,0.21218638,0.26322801,0.28227129,0.36058078,0.44123406,0.43530401,0.52089805,0.53651724,0.60947695,0.62943588,0.65686809,0.7192854,0.66639965,0.66328078,0.76841319,0.6907119,0.72785086,0.70818192,0.72919322,0.67724227,0.68344338,0.59091478,0.58539036,0.49127537,0.44151092,0.35465644,0.32235021,0.19029651,0.10003079,0.043810283,-0.010594967,0.00051468341,0.028866781,-0.028674582,0.0083425699,-0.059729961,9.6719868e-05,0.068117862,0.10631838,0.063755081,0.16313057,0.14150773,0.20080325,0.20418431,0.15607255,0.22385603,0.23690058,0.22080101,0.23400457,0.16775749,0.10067066,0.14378975,0.095681827,0.022543124,0.02353909,0.050224464,0.053487824,0.057078721,0.021173954,0.0014649239,0.021893884,0.042788334,0.0031633055,0.014965155,0.016971887,0.052046624,0.049980415,0.033332606,0.048756519,0.062117704,0.048021799,0.061811657,-0.00097861921,0.11776977,0.12779897,0.051196991,0.016551449,0.084147633,0.088612525,0.096995221,0.075183526,0.091280689,0.10820697,0.013367435,0.076373771,0.10524582,0.099998798,0.2348301,0.32744129,0.46379897,0.57831731,0.7394289,0.9688695,1.1668067,1.4310597,1.4119237,1.3717775,1.1723697,1.0384648,0.75373588,0.51023954,0.21507928,-0.084943657,-0.29506167,-0.28532899,-0.2879601,-0.30465606,-0.3010489,-0.32994074,-0.29501984,-0.21468327,-0.2515026,-0.2302902,-0.22551792,-0.19146194,-0.029380425,0.457565,0.77508889,0.79450423,1.0132072,0.87331361,0.61312977,0.78810534,1.1087855,1,0,0,1
-0.30277706,-1.2926609,-1.8486679,-2.2407709,-2.4679651,-2.3163388,-1.9297415,-1.4946864,-1.1514354,-1.0884075,-0.90318184,-0.50058913,-0.30522162,-0.29791325,-0.34992905,-0.30029059,-0.35370582,-0.30271305,-0.31764217,-0.34933772,-0.32097498,-0.26969614,-0.32257632,-0.37583579,-0.36982512,-0.41975108,-0.35365226,-0.38628222,-0.36966727,-0.37802108,-0.35960258,-0.38357049,-0.39834664,-0.41234057,-0.46013763,-0.43065977,-0.45077537,-0.51253414,-0.44757012,-0.52501178,-0.56303565,-0.57423105,-0.58673134,-0.56377439,-0.58063843,-0.58822758,-0.56758926,-0.58347659,-0.61461458,-0.55643694,-0.54383608,-0.56665052,-0.51338347,-0.47667427,-0.49935063,-0.46912018,-0.39460522,-0.33820927,-0.30807726,-0.27357517,-0.24797476,-0.22899686,-0.16270205,-0.12155379,-0.1516632,-0.12029608,-0.084028903,-0.11163887,-0.067304121,-0.079907185,-0.08696061,-0.041325529,-0.023678101,-0.00045901879,-0.048110939,-0.051397291,-0.029075047,0.023359459,-0.013084457,0.0055761183,0.081320068,0.057833527,0.074509367,0.057325459,0.070017488,0.12744274,0.12524548,0.15542982,0.18893073,0.2035271,0.18561833,0.24239002,0.22578088,0.27418886,0.32650617,0.28615553,0.30009325,0.26650425,0.26220886,0.33243316,0.29594813,0.24523436,0.24439887,0.29994187,0.29841184,0.32145655,0.31851322,0.28751183,0.30585587,0.36483621,0.42934185,0.45499507,0.5784352,0.68547005,0.86166137,1.0278758,1.0487921,1.2261499,1.5212228,1.7642091,1.8100631,1.95632,2.0772614,2.3696278,2.6017802,2.7680122,2.975223,3.0861373,2.9593635,2.5389006,2.2386655,1.7372741,0.77121021,0.17219917,-0.14074303,-0.18846195,-0.59369133,-1.479852,-1.8675637,-2.3511831,2,1,0,1
1.0432499,0.56085732,-1.2598328,-1.3603778,-1.5924427,-1.1667834,-0.065911803,0.71010068,0.68035364,1.3247497,1.5096794,1.4558732,1.5515092,1.5167442,1.4594076,1.4561473,1.4342473,1.4154075,1.3996064,1.2446054,1.276267,1.1851955,1.2726084,1.2554997,1.1314663,1.0430835,0.93136242,0.8323594,0.83628272,0.75578795,0.73025075,0.64618165,0.59190343,0.59663559,0.43026649,0.39588673,0.45787372,0.40078659,0.41172306,0.41788709,0.43816734,0.42726812,0.5156472,0.66620015,0.70694773,0.70143667,0.62542078,0.64173427,0.74731543,0.63000937,0.66772712,0.75668543,0.63898792,0.53177488,0.6524699,0.59325965,0.40608556,0.52063883,0.47311076,0.60678598,0.47900382,0.33882805,0.38777598,0.36994664,0.43345367,0.42105978,0.40696982,0.33940005,0.36572417,0.39328379,0.36234273,0.41499958,0.28488874,0.28957465,0.36584956,0.16340985,0.16398101,0.23108515,-0.023687499,0.13602194,0.056536009,0.0053075295,0.062531628,-0.068928681,-0.20306649,-0.23585425,-0.093446523,-0.13074728,-0.20768231,-0.14289594,-0.30717484,-0.28531149,-0.17556202,-0.1903271,-0.29804609,-0.31022051,-0.19684195,0.067361925,0.12411354,0.20972838,0.20211918,0.29743438,0.55821773,0.60395192,0.57773438,0.45373176,0.14214938,0.058094154,-0.17617595,-0.52407243,-0.81554694,-1.0708022,-1.3623286,-1.4637031,-1.5089902,-1.5006476,-1.5721293,-1.6957055,-1.6949573,-1.7083002,-1.7064856,-1.7203268,-1.804733,-1.9039209,-1.8886589,-1.8146618,-1.8255565,-1.8648677,-1.8594113,-1.5661976,-1.3761094,-1.3933046,-1.1851673,-1.1709376,-1.3054266,-1.1861194,-1.1762053,-0.93182388,-1.4455982,-3.5421178,1,0,0,1
0.0040696227,-2.3710604,-3.4212382,-4.2245973,-4.1071047,-3.6171038,-1.9578283,-0.8857033,-0.62993304,0.017265647,0.60359005,0.70508336,0.69754379,0.65982188,0.64533187,0.62761939,0.69758837,0.73279828,0.59929119,0.48485399,0.510172,0.46656139,0.67646988,0.50518973,0.51502729,0.44732703,0.38114504,0.51440653,0.29331204,0.25981511,0.36819923,0.26510449,0.21341876,0.31233343,0.21726838,0.17132714,0.15097379,0.075090068,0.2878377,0.38010646,0.38345673,0.38798674,0.39173319,0.65000168,0.66649874,0.43490496,0.54613011,0.64757647,0.64398871,0.57990431,0.47457908,0.45496061,0.55993902,0.55309067,0.31807614,0.20566102,0.2076186,0.32578305,0.37120916,0.19962442,0.23937188,0.26667066,0.37727603,0.48276329,0.34815453,0.36543076,0.15896809,0.27059981,0.3556508,0.19670154,0.27672931,0.33971068,0.31126962,0.31257391,0.40428831,0.43212534,0.36446216,0.30371079,0.39230351,0.31232658,0.26984417,0.4901053,0.35418061,0.23498888,0.18420886,0.23340168,0.12971446,0.13031712,0.15534022,0.15034526,0.018244627,-0.13652228,0.12496571,0.14760608,0.058698354,0.42313795,0.42812074,0.69327098,0.86196167,1.0145683,1.2746731,1.7198446,1.843242,1.7018365,1.6361379,1.4956761,0.98181114,0.80421163,0.58880224,0.38631212,-0.18277937,-0.65277464,-0.87724569,-1.1093545,-1.1206665,-1.0771388,-1.0743199,-1.2141144,-1.1466947,-1.1927896,-1.3072986,-1.2759271,-1.1980259,-1.070923,-1.1608502,-1.3101464,-1.2054049,-1.2125972,-0.76780277,0.13241077,0.64058347,0.53136878,0.26792586,-0.37736635,-0.89632173,-1.3762892,-1.5905048,-1.0537797,-0.40378386,-1.90162,1,0,0,1
3.980522,3.2675191,1.0287813,-0.026785914,-0.94104631,-1.3780935,-0.62400069,0.48376329,0.70176218,1.0071021,1.8834691,2.0558317,1.8768981,1.8722923,1.8322838,1.8366193,1.7547215,1.6976382,1.4942186,1.4711034,1.548302,1.367205,1.2382809,1.2658638,1.1946878,1.0315218,0.83022232,0.89622248,0.75435737,0.71537462,0.57332668,0.56208097,0.46536718,0.29397801,0.22424448,0.2630664,0.13791012,0.1160694,-0.0051392599,0.00020789964,-0.0032409682,-0.077272312,-0.015300705,-0.030589244,0.057609091,0.096356523,0.13156842,0.24294271,0.29481572,0.345818,0.29277102,0.33694877,0.34065076,0.27800685,0.2880828,0.25196894,0.18201638,0.16004072,0.18472028,0.16573681,0.20943409,0.13377317,0.15322939,0.066913725,0.12053018,0.07289232,0.093749316,0.10300916,-0.0085116313,0.075604411,-0.048304555,-0.009101791,0.034464673,-0.061758841,-0.070873646,-0.11135023,-0.087026647,-0.081218917,-0.1556566,-0.31505034,-0.28447224,-0.33010522,-0.42308754,-0.39712878,-0.43511959,-0.47877197,-0.40444166,-0.59177013,-0.48129192,-0.53489985,-0.66159663,-0.66228839,-0.74514959,-0.70052033,-0.79409925,-0.81281384,-0.81231714,-0.70797777,-0.81214591,-0.6750526,-0.6104815,-0.35072155,-0.084590144,-0.0063323387,0.18511726,0.24821126,0.5627679,0.69708304,0.62865683,0.37277079,0.23334307,0.076456427,-0.31820434,-0.63452127,-1.1428403,-1.4912522,-1.7017578,-1.7144991,-1.7863487,-1.7928583,-1.7198737,-1.6856055,-1.8456652,-1.7961651,-1.7018186,-1.7023548,-1.6482475,-1.7457719,-1.6696874,-1.624357,-1.4353059,-1.0832887,-0.67467878,-0.67346353,-0.14889264,-0.0022554262,0.17689319,-0.57633127,-0.18561375,-0.26861239,1,0,0,1
1.2646771,1.7384911,0.29102684,-1.0425079,-2.3390839,-3.7363274,-3.2553825,-2.179603,-1.314003,-0.90060591,-0.43392646,0.33348193,0.421237,0.57779459,0.44846575,0.36925339,0.48551013,0.49652964,0.36199791,0.39012513,0.16780993,0.3157325,0.20893485,0.17487392,0.28535073,-0.042441643,-0.0061591643,-0.15503531,-0.090226185,-0.10502046,-0.23902606,-0.26079662,-0.48755985,-0.61113401,-0.58978667,-0.7541968,-0.75351317,-0.83540765,-0.8250543,-0.99754853,-0.95582946,-0.82529042,-1.0000629,-0.91719105,-0.8799329,-0.83472315,-0.82185582,-0.56456506,-0.34749584,-0.35018948,-0.27035598,-0.16428439,0.011624586,-0.057616706,0.17035838,0.32578576,0.22605319,0.045457485,0.1842088,0.31636318,0.28218074,0.34845663,0.27348437,0.43044423,0.34792629,0.41014024,0.37468282,0.38307088,0.80590147,0.36043239,0.57104398,0.73511812,0.68103486,0.65231311,0.81324084,1.0418901,0.65470067,0.77949893,0.85646394,0.81482588,0.84627576,0.79738991,0.91994695,0.64156586,0.61476515,0.52349171,0.53742858,0.62968893,0.39634596,0.4804607,0.42097798,0.46665146,0.43464994,0.71081312,0.77325305,0.63888151,0.4482682,0.20616534,0.20574935,0.22634571,0.56987459,0.80199516,0.87274529,1.1195999,1.5478647,1.9722939,2.3148811,2.3722336,2.4034292,2.1000489,2.0076439,1.6624418,1.1018336,0.70606218,-0.17474893,-0.85758488,-1.2921344,-1.255385,-1.1427128,-1.1768324,-1.1357748,-1.3050907,-1.5368017,-1.3741939,-1.3287104,-1.3260413,-1.1749925,-1.2943525,-1.3742624,-1.1788598,-1.0323573,0.12165772,0.51430883,-0.048496509,-0.23716557,-0.38315967,-0.73351782,-1.1529418,-1.0622258,-0.81394149,1,0,0,1
0.048731057,-1.4908026,-4.0302997,-4.636541,-4.5265875,-3.7179894,-2.4936977,-1.4512593,-0.82598416,0.24374632,0.9971933,1.3713386,1.5211435,1.6127316,1.4819901,1.4804025,1.4766172,1.531927,1.3281,0.99241919,0.96558516,1.0457994,0.945468,0.96231028,0.95073766,0.8824896,0.92209039,0.92136115,0.78251653,0.75336821,0.74001971,0.62850178,0.55986432,0.51908164,0.38054114,0.34600755,0.15910023,0.088491289,0.06387007,-0.012380715,0.014101451,-0.062924862,0.039590571,0.11912298,0.13487869,0.22227815,0.1846942,0.30574172,0.26870728,0.24371017,0.29624364,0.27884436,0.24669015,0.23571355,0.19509817,0.15300646,0.063802697,0.032450992,-0.079533965,-0.0068986474,-0.05054956,-0.015076605,-0.091545183,-0.16825886,-0.13776048,-0.15898554,-0.16582712,-0.14270455,-0.27056704,-0.21892402,-0.2763482,-0.37946536,-0.35781753,-0.32019093,-0.36357986,-0.34760491,-0.38785128,-0.32087478,-0.34716335,-0.29911063,-0.27875059,-0.32611822,-0.31777587,-0.28897265,-0.26833796,-0.22229245,-0.28680291,-0.23847725,-0.30083256,-0.28777036,-0.23958325,-0.3161736,-0.20807064,-0.23323976,-0.19364253,-0.13447253,-0.28227173,-0.32672432,-0.20795216,-0.21601026,-0.27787227,-0.16498532,-0.19612581,-0.22756066,-0.23983557,-0.16962391,-0.1594879,-0.22500339,-0.23525647,-0.060056277,0.18022488,0.43345521,0.65701894,0.98780373,1.3890682,1.5047296,1.3235429,1.0918118,0.76563033,0.37049558,-0.022848203,-0.60668867,-0.68136426,-0.84966072,-0.85443817,-0.81242001,-0.79141453,-0.73778191,-0.87863409,-0.78162193,-0.76284294,-0.78401324,-0.29791813,0.29530256,0.30297392,0.61746837,1.0220681,0.83474248,1.3190716,1.3132034,1,0,0,1
2.7368568,-1.9846965,-2.4540778,-4.1946656,-3.6164298,-2.0318471,-0.15695602,-0.043337086,0.60889243,1.3979023,1.3746633,1.4143055,1.3624131,1.2705429,1.3328734,1.4094505,1.1713267,1.1907592,1.2775076,1.2559013,1.082826,0.98264933,0.96658934,0.87382443,0.70993591,0.75953859,0.7139341,0.48498248,0.43374258,0.49044444,0.34388517,0.23256846,0.31098705,0.31746829,0.16545731,0.020156604,0.072006471,0.17316175,0.10030584,0.11245094,-0.0066324354,0.11022091,0.20239242,0.30380468,0.21698946,0.12413942,0.24436601,0.18431846,0.25566997,0.34523121,0.37478683,0.2604575,0.26504396,0.2117402,0.076545784,0.27496223,0.27698191,0.17088027,0.13307689,0.21021222,0.30737058,0.11580733,0.22148381,0.16997754,0.13451088,0.30442628,0.22142878,0.21539123,0.18286849,0.17600461,0.17858227,0.047445595,0.046847606,0.14764549,0.12566519,0.19372776,0.082395805,0.046184644,-0.074515865,-0.092050248,-0.29070657,-0.20660323,-0.22989819,-0.16587276,-0.20988702,-0.3416618,-0.26900942,-0.27210833,-0.30021859,-0.35929636,-0.36366452,-0.42392784,-0.60609404,-0.4518729,-0.37520229,-0.42363978,-0.30785937,-0.048876974,0.11748864,0.38478042,0.56764514,0.74434922,1.1799976,1.4142669,1.4518502,1.3262464,1.2499748,0.91595983,0.62437597,0.28704636,-0.13977629,-0.48719495,-1.0759573,-1.3135522,-1.413383,-1.4339957,-1.3748058,-1.5348759,-1.4782905,-1.4560863,-1.4476981,-1.4432818,-1.4329412,-1.406737,-1.4959354,-1.4082715,-1.3087557,-1.3994032,-1.2057424,-0.981197,-0.27865137,0.14159311,0.59118577,0.93547032,1.019034,0.48032317,0.19901725,-0.34276857,1.0171253,-2.7967153,1,0,0,1
-1.2885956,-2.2787241,-2.794928,-3.4941845,-3.5285426,-3.330146,-2.8302352,-2.1688324,-1.4754349,-1.1403395,-1.021925,-0.70737671,-0.22692573,-0.017293547,-0.02302784,-0.040927043,-0.079208968,-0.063562362,0.052815168,0.10093453,0.041868688,0.015253321,0.024914228,0.010592247,-0.039979758,-0.093129058,-0.10423554,-0.081684079,-0.02302784,-0.017153912,-0.11350792,-0.14854001,-0.13291037,-0.097873237,-0.074644645,-0.10876793,-0.16983404,-0.1483186,-0.16960275,-0.26254259,-0.24600816,-0.27677214,-0.33423303,-0.37149894,-0.39728951,-0.38774331,-0.43067405,-0.4365081,-0.53112416,-0.58192935,-0.52100155,-0.59794219,-0.62068713,-0.69567759,-0.76285403,-0.66061315,-0.68693224,-0.65116188,-0.64821913,-0.74565661,-0.72455158,-0.74450332,-0.64698687,-0.61014757,-0.6415414,-0.58239799,-0.53810477,-0.4050466,-0.32479781,-0.26699799,-0.23049797,-0.15615195,-0.065291163,-0.08454789,-0.04986993,-0.065889566,-0.073322394,-0.011812989,0.0097522359,0.067426541,0.10615435,0.034448237,-0.072242382,-0.012687365,0.080707223,0.06128496,0.093114618,0.13790516,0.17265666,0.19685253,0.15774612,0.14326129,0.14245437,0.1519911,0.16916613,0.18927481,0.12577947,0.087227028,0.2051893,0.22174368,0.33823298,0.31418484,0.2569381,0.31566179,0.42045732,0.45483748,0.44111212,0.5388208,0.58237134,0.58359491,0.62820695,0.63974485,0.62012955,0.63912527,0.65914002,0.67885208,0.69384495,0.75027492,0.83064008,0.77753069,0.67020442,0.8071116,0.99154394,1.0862436,1.3318504,1.6619886,1.9064443,1.9312297,1.8610791,1.726747,1.6985921,1.8511288,1.9323848,2.2455102,2.5503192,2.2211829,1.5041063,1.1424078,0.98357176,1.1200163,2,1,0,1
3.2061228,1.8251657,-0.92629538,-2.4543811,-3.6197002,-3.7214482,-2.5308467,-1.2194865,-1.2903868,-0.57537268,0.54780155,0.58491152,0.60551086,0.57929058,0.66762684,0.525199,0.58504517,0.64594121,0.55046043,0.52181635,0.4214484,0.35636939,0.34931219,0.26869886,0.20825489,0.21333177,0.19615183,-0.048238393,-0.066903465,-0.11299356,-0.33433587,-0.20354797,-0.518773,-0.45800234,-0.48525584,-0.5218766,-0.62804355,-0.52984275,-0.52315911,-0.52044408,-0.51462592,-0.47971744,-0.20372304,-0.16320988,-0.11325568,0.10412672,0.20648408,0.40731744,0.36479928,0.27485599,0.30305026,0.37097255,0.39608581,0.38094902,0.52411091,0.38912939,0.48528161,0.48699812,0.35700744,0.39910227,0.40568189,0.41040792,0.38142739,0.43881513,0.57929385,0.43910807,0.49336739,0.48673661,0.54463673,0.52208082,0.66628527,0.52617547,0.69257211,0.65778832,0.67486428,0.75108571,0.75827039,0.75411416,0.73481156,0.67917007,0.62073474,0.63302568,0.53068805,0.55221892,0.40046971,0.3228341,0.25022178,0.2579003,0.20982229,0.062262176,0.15107041,0.16158211,0.16301587,0.14887193,-0.001650312,-0.078721918,-0.13902878,-0.15122851,-0.072369488,0.0085327821,0.35242399,0.6938857,0.896513,1.096127,1.1436197,1.4750734,1.8475288,1.8358824,1.7251099,1.5242724,1.2058695,1.154617,0.64419683,0.31350603,-0.39539213,-1.1877672,-1.3788864,-1.4141337,-1.4206545,-1.5431379,-1.4101625,-1.5408839,-1.4836803,-1.5147173,-1.691725,-1.7264996,-1.6522852,-1.7331341,-1.6866868,-1.7006889,-1.6605929,-1.4454757,-0.75476848,-0.41566757,-0.15553924,0.24357511,0.41206642,0.28202627,-0.25523253,0.14960913,1,0,0,1
2.3209216,0.70803163,-0.92651269,-1.7524699,-1.490571,-0.90811902,-0.011926664,0.51327934,0.59719588,1.1632914,1.6092705,1.5870902,1.5763073,1.515732,1.508689,1.4794687,1.4338229,1.4729618,1.4590252,1.3467034,1.3691615,1.2782657,1.2230863,1.139211,1.1817397,1.0937609,1.0382436,0.9913787,0.91278947,0.83948421,0.83922029,0.72998683,0.71537657,0.60122811,0.54890272,0.49676995,0.47869734,0.46435135,0.52905809,0.42285363,0.50386761,0.50963308,0.56149814,0.60899303,0.65297194,0.69890505,0.77548782,0.71742434,0.73627858,0.78476071,0.67305513,0.61556688,0.58692345,0.55876314,0.51391493,0.51939717,0.5087198,0.50222729,0.44989189,0.37951306,0.3910111,0.3545792,0.38263089,0.35744578,0.36271084,0.31607116,0.31793932,0.330245,0.35140888,0.35422169,0.34474117,0.35708239,0.39861252,0.29838226,0.27016145,0.2451616,0.15031516,0.15834358,0.12520646,0.12872074,0.07506711,0.041821996,-0.061394229,-0.1261095,-0.19437882,-0.22194798,-0.29190373,-0.39525495,-0.38641968,-0.43002411,-0.44527842,-0.46889803,-0.52391298,-0.58137028,-0.61400263,-0.49832265,-0.34726162,-0.31036706,-0.11961972,-0.20260751,-0.044562167,0.12953754,0.25935286,0.21992459,0.13793092,0.074646642,-0.18505824,-0.28872166,-0.45653274,-0.68460363,-0.87135758,-1.082556,-1.3200484,-1.3976909,-1.5624816,-1.6371546,-1.6256362,-1.6903581,-1.6517707,-1.7434709,-1.6983164,-1.7313779,-1.7263936,-1.7643682,-1.8245467,-1.8652364,-1.8338265,-1.8157602,-1.5770741,-1.0746544,-0.74223406,-0.66401948,-0.25330312,-0.09672192,-0.40732933,-1.1230168,-1.4288581,-1.6574302,-1.7985346,-3.3427441,1,0,0,1
0.55274187,0.1642394,-0.754524,-1.6838817,-2.4098867,-3.1641537,-3.6491466,-3.5339791,-2.9426649,-2.2399061,-1.7155067,-1.2423479,-1.1614607,-1.0292099,-0.64223883,-0.27862391,-0.2940769,-0.27927471,-0.26308305,-0.37183533,-0.26497454,-0.20937028,-0.28058519,-0.25224777,-0.26135365,-0.27808042,-0.31824426,-0.36154726,-0.26726196,-0.27810109,-0.3098109,-0.28747345,-0.2307543,-0.32407737,-0.34733643,-0.28169109,-0.33367808,-0.35450683,-0.38211144,-0.29289921,-0.33947657,-0.38696377,-0.34220923,-0.3750743,-0.45308704,-0.4737806,-0.4714884,-0.43022373,-0.55436623,-0.49752227,-0.52592753,-0.59885532,-0.55997634,-0.53324576,-0.61411227,-0.68302611,-0.52007455,-0.62615287,-0.62147234,-0.51362806,-0.58772417,-0.51235425,-0.59662063,-0.64282996,-0.59315581,-0.58491729,-0.49975664,-0.43803167,-0.3689828,-0.32535569,-0.27696575,-0.25731199,-0.20312833,-0.14470363,-0.15943512,-0.11807578,-0.11948294,-0.056586418,0.016520102,-0.052179896,0.035878507,0.11118172,0.073240816,0.12854564,0.22135295,0.21880782,0.13992776,0.19495833,0.16168991,0.23913346,0.22568645,0.38830674,0.2550191,0.21828583,0.27931951,0.364616,0.32146813,0.42182942,0.37509776,0.35678692,0.41875899,0.49731134,0.56435068,0.59865942,0.57163322,0.61001065,0.62264803,0.69280127,0.69756122,0.81018702,0.77630382,0.82786262,0.83297609,0.79888654,0.90517563,0.76413252,0.8824654,0.87668818,0.81320979,0.92979538,0.93375243,0.99607173,0.9790349,0.97551843,1.019471,1.2760594,1.6635883,1.8287494,1.7834625,1.6443653,1.414341,1.1947833,1.2385399,1.8359926,2.5733994,2.4021654,1.8484004,1.5504526,1.5579941,1.5579743,4,1,0,1
-1.537689,-2.5345109,-4.2405738,-5.250626,-4.8539298,-4.22323,-3.2002785,-2.3323304,-1.8174837,-1.0839451,-0.57440585,-0.17121737,-0.13380738,-0.07251346,0.13878177,0.30313143,0.60778743,0.72190475,0.77843764,0.64397442,0.5447281,0.53196899,0.50531581,0.59825913,0.5751093,0.63427271,0.62618264,0.60267475,0.57436169,0.55189995,0.45678111,0.3434974,0.32741763,0.27652144,0.17656629,0.12223609,0.099025069,0.0067573002,0.060424138,0.091271157,0.17840664,0.088992124,0.14837314,0.12817517,0.15027551,0.18208388,0.18801162,0.18786322,0.1463892,0.19377375,0.19653804,0.17476355,0.1470578,0.10558565,0.13880879,0.13062622,0.062092681,0.071212553,0.081429286,0.088850527,0.082396449,0.028449371,0.088032336,0.057616232,0.047159983,0.051590427,0.015515801,0.045826685,0.030315888,0.05562623,0.069548955,0.035803209,0.063445906,0.061763016,0.086233258,0.097090865,0.047944988,0.08459368,0.011538635,0.030230744,0.092936842,0.08210072,0.047651096,0.054654191,0.05858411,0.12088833,0.064482028,0.030208112,0.072097373,0.064134665,0.11939932,0.09534853,0.13235321,0.080794021,0.065883022,0.061962794,0.085609754,0.06254911,0.05743323,0.13076264,0.12320293,0.13079549,0.11330554,0.11545786,0.12894936,0.0878544,0.089466288,0.15284195,0.2466685,0.32289123,0.52079424,0.70037998,0.90006421,1.1500187,1.4205575,1.4198491,1.3067282,1.1218841,0.95140375,0.63020873,0.25957654,-0.088089441,-0.17627709,-0.17228484,-0.16895466,-0.23740114,-0.23658717,-0.17055108,-0.15321587,-0.20278762,-0.099108391,-0.032903168,0.29998225,0.7077289,0.9080991,1.0046467,0.85526272,0.38395197,0.89099698,0.46198127,1,0,0,1
-2.089921,-2.9827963,-3.8505782,-3.8614968,-3.0399729,-1.381897,-0.62100884,0.11454401,1.0330268,1.3094731,1.2237366,1.0420477,1.180629,1.2113444,1.0951579,1.1533417,1.0107837,1.0358695,1.1232646,0.89649259,0.87217742,0.79218761,0.93727101,0.84783594,0.7085421,0.64843402,0.56471746,0.53005955,0.43176533,0.31561385,0.37747804,0.25119367,0.15694808,0.15999493,0.23989275,0.090976701,0.026970133,0.097098382,0.03552385,0.074629382,0.17026883,0.16717861,0.37853122,0.5394903,0.62339476,0.62402211,0.62071429,0.59390993,0.53591404,0.51331593,0.37780823,0.41734261,0.44288498,0.37324873,0.4752569,0.3484376,0.37427653,0.33130258,0.30887222,0.36649084,0.26743912,0.26589891,0.21098731,0.32229611,0.42608954,0.35194534,0.39070743,0.50031473,0.54225784,0.65302469,0.62260125,0.7202032,0.65975733,0.58824429,0.7801185,0.63776386,0.68935975,0.69267338,0.54528537,0.66145723,0.48649593,0.47940467,0.36714623,0.33692317,0.36866374,0.26245525,0.30435592,0.21957166,0.14676128,0.04089181,0.073546023,0.10884008,0.054327665,-0.057303395,-0.051957574,-0.0091615694,0.05018163,-0.090298195,-0.068622296,0.0052538283,-0.035689855,0.12272329,0.12460564,0.34276624,0.54866251,0.61558885,0.36872581,-0.0037293001,-0.16008065,-0.30319651,-0.19970279,-0.23740033,-0.35334993,-0.59996329,-0.94632934,-1.1523956,-1.3105035,-1.2632606,-1.2811268,-1.4384345,-1.4129102,-1.3921778,-1.3905125,-1.3454145,-1.4541565,-1.3766576,-1.481997,-1.5298142,-1.3640341,-1.0001392,-0.07883421,0.36983659,0.6230822,1.0393308,1.016398,0.29964629,-0.97195761,-1.7833067,-2.0038708,-3.5003335,1,0,0,1
-1.931671,-3.4334144,-3.5151921,-3.7519586,-3.4068208,-2.6900022,-1.2382586,-0.24127049,-0.25254071,0.34780028,0.7195042,0.59236427,0.50410617,0.63685456,0.63709479,0.55995393,0.6814095,0.58359947,0.52633356,0.5446144,0.48075365,0.59004805,0.54831645,0.32788666,0.4542499,0.4316,0.43410164,0.43925697,0.28932792,0.36302137,0.22912219,0.25183076,0.36548154,0.3116082,0.26894711,0.40410453,0.4439474,0.29251305,0.42446672,0.3330905,0.25095869,0.35741394,0.27612702,0.32287649,0.436437,0.31003107,0.44846718,0.51888628,0.54862335,0.52850501,0.47576782,0.51061649,0.37953472,0.3163925,0.4650454,0.42308638,0.25596378,0.37625451,0.42424735,0.34701444,0.24697171,0.16602748,0.18174939,0.28744318,0.12274106,0.074139049,0.17556542,0.21474044,0.1245561,0.26421078,0.22086216,0.17537297,0.22318381,0.39770748,0.23127588,0.30164912,0.25623369,0.28339577,0.40336602,0.35163748,0.31508167,0.51945012,0.40338979,0.28654088,0.33856424,0.22180772,0.053522664,0.15429158,0.24720398,0.30671215,0.27907378,0.33411402,0.438112,0.60037207,0.86899395,0.88762511,1.1347618,1.4705396,1.8748791,2.0601778,2.0902851,2.0062908,1.6305569,1.4563942,1.2789749,0.977559,0.59698192,0.044070431,-0.36742334,-0.66330671,-1.0010808,-1.0353592,-1.2498045,-1.0584797,-0.94965189,-0.92061614,-0.95923188,-0.87472718,-0.93215715,-1.0927397,-1.0870911,-1.2126922,-1.0208986,-1.1020554,-1.1089056,-1.1373616,-0.94958843,-0.68505798,-0.051999288,0.41509596,0.28721204,-0.1387301,-0.72976256,-1.1329746,-1.2669967,-1.4239324,-1.4662994,-1.0398654,-0.88925179,-2.261853,1,0,0,1
-2.4693642,-2.9347198,-3.1617604,-4.0849888,-3.8651625,-3.6625114,-2.8530451,-1.8218299,-1.3432136,-0.80981384,-0.20255866,-0.0081782607,-0.055911423,0.015453528,0.1334253,0.31509679,0.5986711,1.0212095,1.3583575,1.1854762,1.1714136,1.2984013,1.2168766,1.244675,1.3442252,1.3529784,1.4291139,1.4281851,1.5060517,1.4609618,1.3950751,1.2501691,1.1792115,1.0785643,0.81100038,0.70531505,0.69530809,0.60135114,0.51222864,0.45085024,0.43086247,0.39358983,0.39658673,0.45869386,0.5400232,0.53184939,0.55220639,0.56003697,0.61796514,0.58005249,0.63012394,0.62701784,0.56454461,0.54836753,0.50428743,0.45001574,0.32866687,0.34727479,0.31151486,0.35874048,0.24410869,0.31189227,0.21639097,0.10607196,0.068433921,0.1772493,0.11406755,0.042057165,0.094882282,0.049543196,0.032429402,0.10283762,0.042058621,-0.11443646,-0.032905742,-0.0604895,-0.12107989,-0.11720237,-0.097154542,-0.093487229,-0.19986854,-0.069628137,-0.090265649,-0.17245903,-0.13456303,-0.049619343,-0.1367779,-0.19703893,-0.077690213,-0.20983722,-0.14582894,-0.22655673,-0.20739281,-0.17542219,-0.30001573,-0.21350739,-0.2480761,-0.19622808,-0.3137479,-0.27853636,-0.20682491,-0.25723192,-0.26643322,-0.35245428,-0.30171438,-0.27085948,-0.25936554,-0.19915024,-0.25557378,-0.21311173,-0.22974726,-0.128851,0.058202855,0.20456563,0.47567037,0.84346339,0.98433238,0.94384787,0.66735387,0.39027346,0.23941516,-0.0279496,-0.36099632,-0.64062222,-0.77453444,-0.73926809,-0.80225591,-0.82709115,-0.77302594,-0.72964982,-0.75791944,-0.76983821,-0.67850309,-0.27133838,0.56290406,0.90664838,1.0436687,0.31265891,-1.0166217,-2.0632886,1,0,0,1
3.5505529,1.9949951,-0.56026862,-2.1113755,-3.3439655,-3.7731515,-2.6813505,-1.2788399,-0.8665322,-0.41706834,0.64133088,0.7614407,0.72759234,0.74743904,0.63225944,0.70713532,0.73876758,0.67520034,0.58956426,0.45929776,0.51764841,0.40709128,0.4316281,0.3997749,0.17481072,0.23857868,0.14634934,0.13466679,0.090748379,-0.067013676,0.05396231,-0.1235144,-0.1886233,-0.24194489,-0.25287285,-0.38263805,-0.37576209,-0.3920754,-0.40331599,-0.43663782,-0.44449713,-0.2824819,-0.2097488,-0.21744006,0.12594551,0.2875613,0.28031734,0.29078205,0.34005106,0.42052939,0.46866209,0.54833035,0.61783145,0.55489797,0.51290713,0.55734959,0.61359665,0.60462586,0.46257749,0.41557138,0.57777362,0.60522672,0.5336421,0.52966445,0.57519783,0.60796114,0.56492133,0.59085088,0.54899763,0.56337932,0.60021722,0.60342125,0.55001785,0.53420535,0.67821485,0.6636154,0.61863465,0.61520245,0.65678734,0.53298497,0.55378012,0.57066891,0.42994021,0.3582859,0.37548987,0.26199138,0.25821902,0.25525662,0.05267651,0.045837413,0.078366116,-0.025217529,-0.0089435961,-0.061264029,0.028270364,-0.12657878,-0.23221952,-0.20908221,-0.35327036,-0.20899658,0.127443,0.68182668,0.7841097,0.73109623,0.86017485,1.0937417,1.5098878,1.7021571,1.6066193,1.3856199,1.1670261,0.9061486,0.82342901,0.19658001,-0.36464792,-1.1837297,-1.3826423,-1.3883536,-1.5666733,-1.5774154,-1.6137028,-1.6238171,-1.7500525,-1.6629926,-1.6052423,-1.7048286,-1.6940002,-1.7479022,-1.8181447,-1.821135,-1.8013942,-1.6512842,-1.0770927,-0.61774772,-0.5705748,0.086558943,0.1949285,0.27076075,-0.2958091,-0.27430447,1,0,0,1
-3.8326776,-3.9669498,-2.8384112,-3.9658324,-3.8962183,-3.601659,-2.5097085,-1.2215512,0.08174431,0.26636932,0.70483909,1.0626294,1.133137,1.0546868,0.53227747,0.18060221,0.22195586,0.42112848,0.48016462,0.48743146,0.69758781,0.8713101,0.91115082,0.97405748,1.0809788,1.0123791,1.0737664,0.93772807,0.99707893,1.1115333,1.086453,0.88205085,0.69889231,0.6119505,0.45422057,0.43133149,0.29381186,0.17945795,0.13576094,-0.017812095,-0.21495231,-0.18237638,-0.1762626,-0.11113261,-0.17258695,-0.32512171,-0.24080114,-0.17099368,-0.15876596,-0.096278983,-0.0030815372,-0.0083788629,0.078304993,0.024504924,0.11979484,0.022966247,0.054694978,-0.0095533052,-0.0088502305,0.0024297624,-0.11280923,-0.15594081,-0.087941298,-0.054240616,-0.18852787,-0.16720521,-0.17146494,-0.17418118,-0.11720433,-0.02699761,-0.10314046,-0.092025382,-0.066361799,-0.16370351,-0.21522012,-0.12340748,-0.028098789,0.019712385,-0.074502074,-0.017898124,0.050491149,-0.011528153,-0.025732547,0.017384722,0.016836665,0.019897775,0.1231748,0.097620902,0.097460689,0.10999024,0.10948109,0.0036820189,0.054017662,0.033130791,0.11345065,0.012145707,0.073388331,0.092713387,0.1042233,0.029987569,0.054808635,0.10178861,0.080795434,0.12239531,0.016494498,0.050376493,0.1066223,0.1436726,0.29002539,0.62359878,0.91209922,1.0572256,1.4288233,1.8396291,1.8776528,1.8057131,1.543818,1.2832691,0.93932969,0.6291403,0.17933696,-0.20550209,-0.38097009,-0.44445486,-0.40132109,-0.51605984,-0.55811717,-0.56505366,-0.50786426,-0.45264124,-0.51072399,-0.3532458,-0.084920119,0.85267383,0.91327116,0.25029616,-0.64295671,-1.4263232,-1.4961401,-1.1984262,1,0,0,1
0.50471203,-1.1821866,-2.0241576,-2.7333686,-2.1497918,-1.0364407,-0.13646413,0.087493133,0.46257525,1.1715411,1.2880483,1.3004278,1.109673,0.99036364,1.0686467,1.1417549,1.139992,1.0154804,0.91805685,1.0611911,1.0521259,1.0025824,0.85839695,0.82528172,0.83178402,0.78736562,0.67468783,0.61594815,0.53174868,0.45340724,0.63166997,0.67097388,0.67106388,0.5945682,0.40787634,0.37306032,0.4241532,0.51463251,0.49079011,0.54522848,0.48243129,0.43094143,0.47568953,0.60119208,0.53428822,0.59838653,0.47247564,0.50333786,0.70421365,0.61638073,0.62640089,0.4675996,0.47168285,0.27542547,0.49421348,0.5786661,0.44049511,0.3515521,0.27804004,0.34445673,0.36724812,0.248194,0.35892049,0.34734264,0.37470572,0.37091683,0.33609794,0.47474752,0.42325397,0.36256069,0.50151092,0.45159048,0.54704919,0.518197,0.40341028,0.38129384,0.36706175,0.4210985,0.43027214,0.40890159,0.28676498,0.11570356,0.15751529,0.17123969,0.084409417,0.027240976,0.0061914537,-0.032700721,0.029279581,-0.061265037,-0.057826277,-0.15318991,-0.21405694,-0.26544901,-0.29664373,-0.23343522,-0.13292717,0.056218306,0.28576388,0.55293025,0.73115752,0.99760195,1.196101,1.4254335,1.2453113,0.90674284,0.89109043,0.70058011,0.28864706,0.15260965,-0.26044607,-0.53760845,-0.80814384,-1.1814968,-1.5569945,-1.5391978,-1.4491353,-1.4748792,-1.5022936,-1.5286901,-1.5863193,-1.4578843,-1.5502309,-1.6751028,-1.7067376,-1.678231,-1.6959738,-1.7073252,-1.7093229,-1.3773149,-0.50071617,0.088343438,-0.22895966,-0.7549668,-1.5414707,-2.605552,-3.0793874,-3.0349333,-1.9716915,-2.0455113,1,0,0,1
0.24325364,-2.5593844,-3.294061,-3.5009454,-3.0453169,-2.3687805,-0.99404043,-0.30379841,-0.019705718,0.51172208,0.86009088,0.91740281,0.81193385,0.74366088,0.85318974,0.87150481,0.77764248,0.88939054,0.90540102,0.73448276,0.76546559,0.62970696,0.70497013,0.65701504,0.63602528,0.65604299,0.57061525,0.54711323,0.4060966,0.36944785,0.40749026,0.18531089,0.18217763,0.28455372,0.17311582,0.12260366,0.24445489,0.22458758,0.10994407,0.023432438,0.17124526,0.30975511,0.30996797,0.3425487,0.43015368,0.45165596,0.5337802,0.63784339,0.57307905,0.67739268,0.66322219,0.6645642,0.73840332,0.56832675,0.5249533,0.58137194,0.51147037,0.50925861,0.48393316,0.48049952,0.51548793,0.55976278,0.56679066,0.45808048,0.45705946,0.57744532,0.58436476,0.60919456,0.49328953,0.66506707,0.66364713,0.64130729,0.74693119,0.81570204,0.70870651,0.66743315,0.69239596,0.58513178,0.64190232,0.57342347,0.63370749,0.49671356,0.48420216,0.49728122,0.38598282,0.38750258,0.30272917,0.35953742,0.23904458,0.20011123,0.1721474,0.16004505,0.21222411,0.16285473,0.21517588,0.20071543,0.32614519,0.54062053,0.62027975,0.79769079,0.81022751,0.9545986,1.11853,1.0142376,0.92297528,0.78877352,0.64378889,0.46253012,0.099687815,-0.13053664,-0.5104153,-0.81885989,-0.99479224,-1.127752,-1.2823155,-1.3522508,-1.315721,-1.3027065,-1.3945972,-1.512657,-1.5091439,-1.5860378,-1.5220534,-1.5641242,-1.5965684,-1.5104975,-1.5536753,-1.4857813,-1.2677539,-0.76230854,-0.62392202,-0.53945412,-0.59356299,-0.80371045,-0.78871868,-0.98870064,-0.76963865,-0.73047615,-1.4257953,-4.1658945,1,0,0,1
0.51481237,-0.9438187,-2.7262759,-3.6975429,-3.5942437,-2.9550864,-1.3338339,-0.27898264,-0.30907831,0.41102283,0.94465468,0.99778784,0.89837863,0.74494922,0.63263453,0.76817017,0.79879407,0.52599373,0.83222798,0.70604468,0.59206146,0.48918756,0.46445812,0.46915277,0.66356917,0.44675032,0.28534573,0.49957594,0.58835826,0.29622882,0.30970406,0.40439414,0.17404657,0.16311141,0.21805419,0.14942034,0.25486226,0.42419037,0.36746785,0.1532935,0.33728553,0.36948399,0.14284263,-0.0011781245,0.40771231,0.54005864,0.46049266,0.78975108,0.71500463,0.45058717,0.2916499,0.27387841,0.58034045,0.52753655,0.55728756,0.42569125,0.4164348,0.37766806,0.3651145,0.51641843,0.37873613,0.52295801,0.44262589,0.38885325,0.45488956,0.49788999,0.50276688,0.27005596,0.52096673,0.66885565,0.33791497,0.43119403,0.44629732,0.54398024,0.43951534,0.57675523,0.45149839,0.33410926,0.48057527,0.51976941,0.43065216,0.39731975,0.4113656,0.2591963,0.42632662,0.2918692,0.15617463,0.13340976,0.16631408,0.22613312,0.062049883,-0.14035092,-0.17342436,-0.12230425,-0.11552813,0.015646525,-0.0063924823,-0.030507775,-0.072858607,0.065469485,0.1999555,0.33183561,0.6754584,0.88558082,1.2313957,1.627668,1.578033,1.4636857,1.2277929,1.0524658,0.76882473,0.43160336,0.1728489,-0.49911558,-0.86594345,-1.0050515,-1.1176902,-1.0495661,-1.1229648,-1.2824445,-1.2728358,-1.1451266,-1.1721803,-1.2893463,-1.3092471,-1.2728221,-1.2945396,-1.2139127,-1.2537016,-0.87830488,0.14362364,0.65450616,0.34520599,-0.1315985,-0.78739927,-1.775,-2.6116696,-3.2998978,-2.5663509,-3.0584449,1,0,0,1
